# Blender 4.1.1
# www.blender.org
mtllib enemyhead.mtl
o 円柱.007
v 0.000000 0.641864 -0.254389
v 0.000000 1.097436 -0.193403
v 0.049629 0.641864 -0.249501
v 0.037731 1.097436 -0.189687
v 0.097350 0.641864 -0.235024
v 0.074012 1.097436 -0.178681
v 0.141331 0.641864 -0.211516
v 0.107449 1.097436 -0.160809
v 0.179880 0.641864 -0.179880
v 0.136756 1.097436 -0.136756
v 0.211516 0.641864 -0.141331
v 0.160809 1.097436 -0.107449
v 0.235024 0.641864 -0.097350
v 0.178681 1.097436 -0.074012
v 0.249501 0.641864 -0.049629
v 0.189687 1.097436 -0.037731
v 0.254389 0.641864 0.000000
v 0.193403 1.097436 -0.000000
v 0.249501 0.641864 0.049629
v 0.189687 1.097436 0.037731
v 0.235024 0.641864 0.097350
v 0.178681 1.097436 0.074012
v 0.211516 0.641864 0.141331
v 0.160809 1.097436 0.107449
v 0.179880 0.641864 0.179880
v 0.136756 1.097436 0.136756
v 0.141331 0.641864 0.211516
v 0.107449 1.097436 0.160809
v 0.097350 0.641864 0.235024
v 0.074012 1.097436 0.178681
v 0.049629 0.641864 0.249501
v 0.037731 1.097436 0.189687
v 0.000000 0.641864 0.254389
v 0.000000 1.097436 0.193403
v -0.049629 0.641864 0.249501
v -0.037731 1.097436 0.189687
v -0.097350 0.641864 0.235024
v -0.074012 1.097436 0.178681
v -0.141331 0.641864 0.211516
v -0.107449 1.097436 0.160809
v -0.179880 0.641864 0.179880
v -0.136756 1.097436 0.136756
v -0.211516 0.641864 0.141331
v -0.160809 1.097436 0.107449
v -0.235024 0.641864 0.097350
v -0.178681 1.097436 0.074012
v -0.249501 0.641864 0.049629
v -0.189687 1.097436 0.037731
v -0.254389 0.641864 0.000000
v -0.193403 1.097436 -0.000000
v -0.249501 0.641864 -0.049629
v -0.189687 1.097436 -0.037731
v -0.235024 0.641864 -0.097350
v -0.178681 1.097436 -0.074012
v -0.211516 0.641864 -0.141331
v -0.160809 1.097436 -0.107449
v -0.179880 0.641864 -0.179880
v -0.136756 1.097436 -0.136756
v -0.141331 0.641864 -0.211516
v -0.107449 1.097436 -0.160809
v -0.097350 0.641864 -0.235024
v -0.074012 1.097436 -0.178681
v -0.049629 0.641864 -0.249501
v -0.037731 1.097436 -0.189687
v 0.000000 0.612494 -0.377706
v 0.000000 0.424922 -0.565277
v 0.000000 0.179849 -0.666790
v 0.000000 0.047216 -0.679853
v 0.000000 -0.085416 -0.666790
v 0.000000 -0.330490 -0.565277
v 0.025875 0.714006 -0.130084
v 0.050756 0.675319 -0.255169
v 0.073687 0.612494 -0.370449
v 0.093786 0.527945 -0.471492
v 0.110280 0.424922 -0.554415
v 0.122537 0.307385 -0.616033
v 0.130084 0.179849 -0.653978
v 0.132633 0.047216 -0.666790
v 0.130084 -0.085416 -0.653978
v 0.122537 -0.212952 -0.616033
v 0.110280 -0.330490 -0.554415
v 0.093786 -0.433512 -0.471492
v 0.073687 -0.518061 -0.370449
v 0.050756 -0.580886 -0.255169
v 0.025875 -0.619573 -0.130084
v 0.050756 0.714006 -0.122537
v 0.099562 0.675319 -0.240364
v 0.144542 0.612494 -0.348955
v 0.183967 0.527945 -0.444135
v 0.216322 0.424922 -0.522248
v 0.240364 0.307385 -0.580291
v 0.255169 0.179849 -0.616033
v 0.260168 0.047216 -0.628102
v 0.255169 -0.085416 -0.616033
v 0.240364 -0.212952 -0.580291
v 0.216322 -0.330490 -0.522248
v 0.183967 -0.433512 -0.444135
v 0.144542 -0.518061 -0.348955
v 0.099562 -0.580886 -0.240364
v 0.050756 -0.619573 -0.122537
v 0.073687 0.714006 -0.110280
v 0.144542 0.675319 -0.216322
v 0.209842 0.612494 -0.314051
v 0.267079 0.527945 -0.399711
v 0.314051 0.424922 -0.470011
v 0.348955 0.307385 -0.522248
v 0.370449 0.179849 -0.554415
v 0.377706 0.047216 -0.565277
v 0.370449 -0.085416 -0.554415
v 0.348955 -0.212952 -0.522248
v 0.314051 -0.330490 -0.470011
v 0.267079 -0.433512 -0.399711
v 0.209842 -0.518061 -0.314051
v 0.144542 -0.580886 -0.216322
v 0.073687 -0.619573 -0.110280
v 0.093785 0.714006 -0.093785
v 0.183967 0.675319 -0.183967
v 0.267078 0.612494 -0.267078
v 0.339926 0.527945 -0.339926
v 0.399711 0.424922 -0.399711
v 0.444135 0.307385 -0.444135
v 0.471492 0.179849 -0.471492
v 0.480729 0.047216 -0.480729
v 0.471492 -0.085416 -0.471492
v 0.444135 -0.212952 -0.444135
v 0.399711 -0.330490 -0.399711
v 0.339926 -0.433512 -0.339926
v 0.267078 -0.518061 -0.267078
v 0.183967 -0.580886 -0.183967
v 0.093785 -0.619573 -0.093785
v 0.110280 0.714006 -0.073687
v 0.216322 0.675319 -0.144542
v 0.314051 0.612494 -0.209842
v 0.399711 0.527945 -0.267079
v 0.470011 0.424922 -0.314051
v 0.522248 0.307385 -0.348955
v 0.554415 0.179849 -0.370448
v 0.565277 0.047216 -0.377706
v 0.554415 -0.085416 -0.370448
v 0.522248 -0.212952 -0.348955
v 0.470011 -0.330490 -0.314051
v 0.399711 -0.433512 -0.267079
v 0.314051 -0.518061 -0.209842
v 0.216322 -0.580886 -0.144542
v 0.110280 -0.619573 -0.073687
v 0.000000 0.727069 0.000000
v 0.122537 0.714006 -0.050756
v 0.240364 0.675319 -0.099562
v 0.348955 0.612494 -0.144542
v 0.444135 0.527945 -0.183967
v 0.522248 0.424922 -0.216322
v 0.580291 0.307385 -0.240364
v 0.616033 0.179849 -0.255169
v 0.628102 0.047216 -0.260168
v 0.616033 -0.085416 -0.255169
v 0.580291 -0.212952 -0.240364
v 0.522248 -0.330490 -0.216322
v 0.444135 -0.433512 -0.183967
v 0.348955 -0.518061 -0.144542
v 0.240364 -0.580886 -0.099562
v 0.122537 -0.619573 -0.050756
v 0.130084 0.714006 -0.025875
v 0.255169 0.675319 -0.050756
v 0.370449 0.612494 -0.073687
v 0.471492 0.527945 -0.093786
v 0.554415 0.424922 -0.110280
v 0.616033 0.307385 -0.122537
v 0.653978 0.179849 -0.130084
v 0.666790 0.047216 -0.132633
v 0.653978 -0.085416 -0.130084
v 0.616033 -0.212952 -0.122537
v 0.554415 -0.330490 -0.110280
v 0.471492 -0.433512 -0.093786
v 0.370449 -0.518061 -0.073687
v 0.255169 -0.580886 -0.050756
v 0.130084 -0.619573 -0.025875
v 0.132633 0.714006 0.000000
v 0.260168 0.675319 0.000000
v 0.377706 0.612494 0.000000
v 0.480729 0.527945 -0.000000
v 0.565277 0.424922 0.000000
v 0.628102 0.307385 -0.000000
v 0.666790 0.179849 0.000000
v 0.679853 0.047216 0.000000
v 0.666790 -0.085416 0.000000
v 0.628102 -0.212952 -0.000000
v 0.565277 -0.330490 0.000000
v 0.480729 -0.433512 -0.000000
v 0.377706 -0.518061 0.000000
v 0.260168 -0.580886 0.000000
v 0.132633 -0.619573 0.000000
v 0.130084 0.714006 0.025875
v 0.255169 0.675319 0.050756
v 0.370448 0.612494 0.073687
v 0.471492 0.527945 0.093785
v 0.554415 0.424922 0.110280
v 0.616033 0.307385 0.122537
v 0.653977 0.179849 0.130084
v 0.666790 0.047216 0.132633
v 0.653977 -0.085416 0.130084
v 0.616033 -0.212952 0.122537
v 0.554415 -0.330490 0.110280
v 0.471492 -0.433512 0.093785
v 0.370448 -0.518061 0.073687
v 0.255169 -0.580886 0.050756
v 0.130084 -0.619573 0.025875
v 0.122537 0.714006 0.050756
v 0.240364 0.675319 0.099562
v 0.348955 0.612494 0.144542
v 0.444135 0.527945 0.183967
v 0.522248 0.424922 0.216322
v 0.580291 0.307385 0.240364
v 0.616033 0.179849 0.255169
v 0.628102 0.047216 0.260168
v 0.616033 -0.085416 0.255169
v 0.580291 -0.212952 0.240364
v 0.522248 -0.330490 0.216322
v 0.444135 -0.433512 0.183967
v 0.348955 -0.518061 0.144542
v 0.240364 -0.580886 0.099562
v 0.122537 -0.619573 0.050756
v 0.110280 0.714006 0.073687
v 0.216322 0.675319 0.144542
v 0.314051 0.612494 0.209842
v 0.399711 0.527945 0.267078
v 0.470011 0.424922 0.314051
v 0.522248 0.307385 0.348955
v 0.554415 0.179849 0.370449
v 0.565277 0.047216 0.377706
v 0.554415 -0.085416 0.370449
v 0.522248 -0.212952 0.348955
v 0.470011 -0.330490 0.314051
v 0.399711 -0.433512 0.267078
v 0.314051 -0.518061 0.209842
v 0.216322 -0.580886 0.144542
v 0.110280 -0.619573 0.073687
v 0.093785 0.714006 0.093785
v 0.183967 0.675319 0.183967
v 0.267078 0.612494 0.267078
v 0.339926 0.527945 0.339926
v 0.399711 0.424922 0.399711
v 0.444135 0.307385 0.444135
v 0.471491 0.179849 0.471492
v 0.480728 0.047216 0.480729
v 0.471491 -0.085416 0.471492
v 0.444135 -0.212952 0.444135
v 0.399711 -0.330490 0.399711
v 0.339926 -0.433512 0.339926
v 0.267078 -0.518061 0.267078
v 0.183967 -0.580886 0.183967
v 0.093785 -0.619573 0.093785
v 0.073687 0.714006 0.110280
v 0.144542 0.675319 0.216322
v 0.209842 0.612494 0.314051
v 0.267078 0.527945 0.399711
v 0.314051 0.424922 0.470011
v 0.348955 0.307385 0.522248
v 0.370448 0.179849 0.554415
v 0.377706 0.047216 0.565277
v 0.370448 -0.085416 0.554415
v 0.348955 -0.212952 0.522248
v 0.314051 -0.330490 0.470011
v 0.267078 -0.433512 0.399711
v 0.209842 -0.518061 0.314051
v 0.144542 -0.580886 0.216322
v 0.073687 -0.619573 0.110280
v 0.050756 0.714006 0.122537
v 0.099562 0.675319 0.240364
v 0.144542 0.612494 0.348955
v 0.183967 0.527945 0.444135
v 0.216322 0.424922 0.522248
v 0.240364 0.307385 0.580291
v 0.255169 0.179849 0.616033
v 0.260168 0.047216 0.628102
v 0.255169 -0.085416 0.616033
v 0.240364 -0.212952 0.580291
v 0.216322 -0.330490 0.522248
v 0.183967 -0.433512 0.444135
v 0.144542 -0.518061 0.348955
v 0.099562 -0.580886 0.240364
v 0.050756 -0.619573 0.122537
v 0.025875 0.714006 0.130084
v 0.050756 0.675319 0.255169
v 0.073687 0.612494 0.370448
v 0.093785 0.527945 0.471492
v 0.110280 0.424922 0.554415
v 0.122537 0.307385 0.616033
v 0.130084 0.179849 0.653977
v 0.132632 0.047216 0.666789
v 0.130084 -0.085416 0.653977
v 0.122537 -0.212952 0.616033
v 0.110280 -0.330490 0.554415
v 0.093785 -0.433512 0.471492
v 0.073687 -0.518061 0.370448
v 0.050756 -0.580886 0.255169
v 0.025875 -0.619573 0.130084
v -0.000000 0.714006 0.132633
v -0.000000 0.675319 0.260168
v -0.000000 0.612494 0.377706
v -0.000000 0.527945 0.480729
v -0.000000 0.424922 0.565277
v 0.000000 0.307385 0.628102
v -0.000000 0.179849 0.666790
v -0.000000 0.047216 0.679853
v -0.000000 -0.085416 0.666790
v 0.000000 -0.212952 0.628102
v -0.000000 -0.330490 0.565277
v -0.000000 -0.433512 0.480729
v -0.000000 -0.518061 0.377706
v -0.000000 -0.580886 0.260168
v -0.000000 -0.619573 0.132633
v -0.025875 0.714006 0.130084
v -0.050756 0.675319 0.255169
v -0.073687 0.612494 0.370448
v -0.093785 0.527945 0.471491
v -0.110280 0.424922 0.554415
v -0.122537 0.307385 0.616033
v -0.130084 0.179849 0.653977
v -0.132633 0.047216 0.666789
v -0.130084 -0.085416 0.653977
v -0.122537 -0.212952 0.616033
v -0.110280 -0.330490 0.554415
v -0.093785 -0.433512 0.471491
v -0.073687 -0.518061 0.370448
v -0.050756 -0.580886 0.255169
v -0.025875 -0.619573 0.130084
v -0.050756 0.714006 0.122537
v -0.099562 0.675319 0.240364
v -0.144542 0.612494 0.348955
v -0.183967 0.527945 0.444135
v -0.216322 0.424922 0.522248
v -0.240364 0.307385 0.580291
v -0.255169 0.179849 0.616033
v -0.260168 0.047216 0.628102
v -0.255169 -0.085416 0.616033
v -0.240364 -0.212952 0.580291
v -0.216322 -0.330490 0.522248
v -0.183967 -0.433512 0.444135
v -0.144542 -0.518061 0.348955
v -0.099562 -0.580886 0.240364
v -0.050756 -0.619573 0.122537
v -0.073687 0.714006 0.110280
v -0.144542 0.675319 0.216322
v -0.209842 0.612494 0.314051
v -0.267078 0.527945 0.399711
v -0.314051 0.424922 0.470010
v -0.348955 0.307385 0.522248
v -0.370449 0.179849 0.554415
v -0.377706 0.047216 0.565277
v -0.370449 -0.085416 0.554415
v -0.348955 -0.212952 0.522248
v -0.314051 -0.330490 0.470010
v -0.267078 -0.433512 0.399711
v -0.209842 -0.518061 0.314051
v -0.144542 -0.580886 0.216322
v -0.073687 -0.619573 0.110280
v -0.093785 0.714006 0.093785
v -0.183967 0.675319 0.183967
v -0.267078 0.612494 0.267078
v -0.339926 0.527945 0.339926
v -0.399711 0.424922 0.399711
v -0.444135 0.307385 0.444135
v -0.471491 0.179849 0.471491
v -0.480728 0.047216 0.480728
v -0.471491 -0.085416 0.471491
v -0.444135 -0.212952 0.444135
v -0.399711 -0.330490 0.399711
v -0.339926 -0.433512 0.339926
v -0.267078 -0.518061 0.267078
v -0.183967 -0.580886 0.183967
v -0.093785 -0.619573 0.093785
v 0.000000 -0.632637 0.000000
v -0.110280 0.714006 0.073687
v -0.216322 0.675319 0.144542
v -0.314051 0.612494 0.209842
v -0.399711 0.527945 0.267078
v -0.470011 0.424922 0.314051
v -0.522248 0.307385 0.348955
v -0.554415 0.179849 0.370448
v -0.565277 0.047216 0.377706
v -0.554415 -0.085416 0.370448
v -0.522248 -0.212952 0.348955
v -0.470011 -0.330490 0.314051
v -0.399711 -0.433512 0.267078
v -0.314051 -0.518061 0.209842
v -0.216322 -0.580886 0.144542
v -0.110280 -0.619573 0.073687
v -0.122537 0.714006 0.050756
v -0.240364 0.675319 0.099562
v -0.348955 0.612494 0.144542
v -0.444135 0.527945 0.183967
v -0.522248 0.424922 0.216322
v -0.580291 0.307385 0.240364
v -0.616033 0.179849 0.255169
v -0.628102 0.047216 0.260168
v -0.616033 -0.085416 0.255169
v -0.580291 -0.212952 0.240364
v -0.522248 -0.330490 0.216322
v -0.444135 -0.433512 0.183967
v -0.348955 -0.518061 0.144542
v -0.240364 -0.580886 0.099562
v -0.122537 -0.619573 0.050756
v -0.130084 0.714006 0.025875
v -0.255169 0.675319 0.050756
v -0.370448 0.612494 0.073687
v -0.471491 0.527945 0.093785
v -0.554415 0.424922 0.110280
v -0.616033 0.307385 0.122537
v -0.653977 0.179849 0.130084
v -0.666789 0.047216 0.132632
v -0.653977 -0.085416 0.130084
v -0.616033 -0.212952 0.122537
v -0.554415 -0.330490 0.110280
v -0.471491 -0.433512 0.093785
v -0.370448 -0.518061 0.073687
v -0.255169 -0.580886 0.050756
v -0.130084 -0.619573 0.025875
v -0.132633 0.714006 -0.000000
v -0.260168 0.675319 -0.000000
v -0.377706 0.612494 -0.000000
v -0.480729 0.527945 -0.000000
v -0.565277 0.424922 -0.000000
v -0.628102 0.307385 -0.000000
v -0.666789 0.179849 -0.000000
v -0.679852 0.047216 -0.000000
v -0.666789 -0.085416 -0.000000
v -0.628102 -0.212952 -0.000000
v -0.565277 -0.330490 -0.000000
v -0.480729 -0.433512 -0.000000
v -0.377706 -0.518061 -0.000000
v -0.260168 -0.580886 -0.000000
v -0.132633 -0.619573 -0.000000
v -0.130084 0.714006 -0.025875
v -0.255169 0.675319 -0.050756
v -0.370448 0.612494 -0.073687
v -0.471491 0.527945 -0.093786
v -0.554415 0.424922 -0.110280
v -0.616033 0.307385 -0.122537
v -0.653977 0.179849 -0.130084
v -0.666789 0.047216 -0.132633
v -0.653977 -0.085416 -0.130084
v -0.616033 -0.212952 -0.122537
v -0.554415 -0.330490 -0.110280
v -0.471491 -0.433512 -0.093786
v -0.370448 -0.518061 -0.073687
v -0.255169 -0.580886 -0.050756
v -0.130084 -0.619573 -0.025875
v -0.122537 0.714006 -0.050756
v -0.240364 0.675319 -0.099562
v -0.348955 0.612494 -0.144542
v -0.444135 0.527945 -0.183967
v -0.522248 0.424922 -0.216322
v -0.580291 0.307385 -0.240364
v -0.616033 0.179849 -0.255169
v -0.628101 0.047216 -0.260168
v -0.616033 -0.085416 -0.255169
v -0.580291 -0.212952 -0.240364
v -0.522248 -0.330490 -0.216322
v -0.444135 -0.433512 -0.183967
v -0.348955 -0.518061 -0.144542
v -0.240364 -0.580886 -0.099562
v -0.122537 -0.619573 -0.050756
v -0.110280 0.714006 -0.073687
v -0.216322 0.675319 -0.144542
v -0.314051 0.612494 -0.209842
v -0.399711 0.527945 -0.267078
v -0.470010 0.424922 -0.314051
v -0.522248 0.307385 -0.348955
v -0.554415 0.179849 -0.370449
v -0.565276 0.047216 -0.377706
v -0.554415 -0.085416 -0.370449
v -0.522248 -0.212952 -0.348955
v -0.470010 -0.330490 -0.314051
v -0.399711 -0.433512 -0.267078
v -0.314051 -0.518061 -0.209842
v -0.216322 -0.580886 -0.144542
v -0.110280 -0.619573 -0.073687
v -0.093785 0.714006 -0.093785
v -0.183967 0.675319 -0.183967
v -0.267078 0.612494 -0.267078
v -0.339926 0.527945 -0.339926
v -0.399711 0.424922 -0.399711
v -0.444135 0.307385 -0.444135
v -0.471491 0.179849 -0.471491
v -0.480728 0.047216 -0.480728
v -0.471491 -0.085416 -0.471491
v -0.444135 -0.212952 -0.444135
v -0.399711 -0.330490 -0.399711
v -0.339926 -0.433512 -0.339926
v -0.267078 -0.518061 -0.267078
v -0.183967 -0.580886 -0.183967
v -0.093785 -0.619573 -0.093785
v -0.073687 0.714006 -0.110280
v -0.144542 0.675319 -0.216322
v -0.209842 0.612494 -0.314051
v -0.267078 0.527945 -0.399711
v -0.314051 0.424922 -0.470010
v -0.348955 0.307385 -0.522248
v -0.370448 0.179849 -0.554415
v -0.377705 0.047216 -0.565277
v -0.370448 -0.085416 -0.554415
v -0.348955 -0.212952 -0.522248
v -0.314051 -0.330490 -0.470010
v -0.267078 -0.433512 -0.399711
v -0.209842 -0.518061 -0.314051
v -0.144542 -0.580886 -0.216322
v -0.073687 -0.619573 -0.110280
v -0.050756 0.714006 -0.122537
v -0.099562 0.675319 -0.240364
v -0.144542 0.612494 -0.348955
v -0.183967 0.527945 -0.444135
v -0.216322 0.424922 -0.522248
v -0.240364 0.307385 -0.580291
v -0.255169 0.179849 -0.616033
v -0.260168 0.047216 -0.628102
v -0.255169 -0.085416 -0.616033
v -0.240364 -0.212952 -0.580291
v -0.216322 -0.330490 -0.522248
v -0.183967 -0.433512 -0.444135
v -0.144542 -0.518061 -0.348955
v -0.099562 -0.580886 -0.240364
v -0.050756 -0.619573 -0.122537
v -0.025875 0.714006 -0.130084
v -0.050756 0.675319 -0.255169
v -0.073687 0.612494 -0.370448
v -0.093785 0.527945 -0.471491
v -0.110280 0.424922 -0.554415
v -0.122537 0.307385 -0.616033
v -0.130084 0.179849 -0.653977
v -0.132632 0.047216 -0.666789
v -0.130084 -0.085416 -0.653977
v -0.122537 -0.212952 -0.616033
v -0.110280 -0.330490 -0.554415
v -0.093785 -0.433512 -0.471491
v -0.073687 -0.518061 -0.370448
v -0.050756 -0.580886 -0.255169
v -0.025875 -0.619573 -0.130084
v 0.000000 0.714006 -0.132633
v 0.000000 0.675319 -0.260168
v 0.000000 0.527945 -0.480729
v 0.000000 0.307385 -0.628102
v 0.000000 -0.212952 -0.628102
v 0.000000 -0.433512 -0.480729
v 0.000000 -0.518061 -0.377706
v 0.000000 -0.580886 -0.260168
v 0.000000 -0.619573 -0.132633
v -0.319209 0.588178 -0.059769
v -0.490980 0.953233 -0.006331
v -0.308658 0.593142 -0.058620
v -0.489862 0.953759 -0.006209
v -0.298513 0.597916 -0.055219
v -0.488787 0.954265 -0.005849
v -0.289163 0.602315 -0.049696
v -0.487797 0.954731 -0.005264
v -0.280968 0.606171 -0.042263
v -0.486929 0.955139 -0.004477
v -0.274242 0.609336 -0.033206
v -0.486217 0.955475 -0.003517
v -0.269244 0.611688 -0.022873
v -0.485687 0.955724 -0.002423
v -0.266167 0.613136 -0.011660
v -0.485361 0.955877 -0.001235
v -0.265128 0.613625 0.000000
v -0.485251 0.955929 0.000000
v -0.266167 0.613136 0.011660
v -0.485361 0.955877 0.001235
v -0.269244 0.611688 0.022873
v -0.485687 0.955724 0.002423
v -0.274242 0.609336 0.033206
v -0.486217 0.955475 0.003517
v -0.280968 0.606171 0.042263
v -0.486929 0.955139 0.004477
v -0.289163 0.602315 0.049696
v -0.487797 0.954731 0.005264
v -0.298513 0.597916 0.055219
v -0.488787 0.954265 0.005849
v -0.308658 0.593142 0.058620
v -0.489862 0.953759 0.006209
v -0.319209 0.588178 0.059769
v -0.490980 0.953233 0.006331
v -0.329759 0.583213 0.058620
v -0.492097 0.952708 0.006209
v -0.339905 0.578440 0.055219
v -0.493172 0.952202 0.005849
v -0.349255 0.574040 0.049696
v -0.494162 0.951736 0.005264
v -0.357450 0.570184 0.042263
v -0.495030 0.951328 0.004477
v -0.364175 0.567019 0.033206
v -0.495743 0.950992 0.003517
v -0.369173 0.564668 0.022873
v -0.496272 0.950743 0.002423
v -0.372251 0.563220 0.011660
v -0.496598 0.950590 0.001235
v -0.373290 0.562731 0.000000
v -0.496708 0.950538 0.000000
v -0.372251 0.563220 -0.011660
v -0.496598 0.950590 -0.001235
v -0.369173 0.564668 -0.022873
v -0.496272 0.950743 -0.002423
v -0.364175 0.567019 -0.033206
v -0.495743 0.950992 -0.003517
v -0.357450 0.570184 -0.042263
v -0.495030 0.951328 -0.004477
v -0.349255 0.574040 -0.049696
v -0.494162 0.951736 -0.005264
v -0.339905 0.578440 -0.055219
v -0.493172 0.952202 -0.005849
v -0.329759 0.583213 -0.058620
v -0.492097 0.952708 -0.006209
v 0.319209 0.588178 -0.059769
v 0.490979 0.953233 -0.006331
v 0.329760 0.583213 -0.058620
v 0.492097 0.952708 -0.006209
v 0.339905 0.578439 -0.055219
v 0.493172 0.952202 -0.005849
v 0.349255 0.574040 -0.049696
v 0.494162 0.951736 -0.005264
v 0.357450 0.570184 -0.042263
v 0.495030 0.951328 -0.004477
v 0.364176 0.567019 -0.033206
v 0.495743 0.950992 -0.003517
v 0.369173 0.564668 -0.022873
v 0.496272 0.950743 -0.002423
v 0.372251 0.563220 -0.011660
v 0.496598 0.950590 -0.001235
v 0.373290 0.562731 0.000000
v 0.496708 0.950538 0.000000
v 0.372251 0.563220 0.011660
v 0.496598 0.950590 0.001235
v 0.369173 0.564668 0.022873
v 0.496272 0.950743 0.002423
v 0.364176 0.567019 0.033206
v 0.495743 0.950992 0.003517
v 0.357450 0.570184 0.042263
v 0.495030 0.951328 0.004477
v 0.349255 0.574040 0.049696
v 0.494162 0.951736 0.005264
v 0.339905 0.578439 0.055219
v 0.493172 0.952202 0.005849
v 0.329760 0.583213 0.058620
v 0.492097 0.952708 0.006209
v 0.319209 0.588178 0.059769
v 0.490979 0.953233 0.006331
v 0.308658 0.593142 0.058620
v 0.489862 0.953759 0.006209
v 0.298513 0.597916 0.055219
v 0.488787 0.954265 0.005849
v 0.289163 0.602315 0.049696
v 0.487797 0.954731 0.005264
v 0.280968 0.606171 0.042263
v 0.486929 0.955140 0.004477
v 0.274242 0.609336 0.033206
v 0.486216 0.955475 0.003517
v 0.269245 0.611687 0.022873
v 0.485687 0.955724 0.002423
v 0.266167 0.613136 0.011660
v 0.485361 0.955877 0.001235
v 0.265128 0.613625 0.000000
v 0.485251 0.955929 0.000000
v 0.266167 0.613136 -0.011660
v 0.485361 0.955877 -0.001235
v 0.269245 0.611687 -0.022873
v 0.485687 0.955724 -0.002423
v 0.274242 0.609336 -0.033206
v 0.486216 0.955475 -0.003517
v 0.280968 0.606171 -0.042263
v 0.486929 0.955140 -0.004477
v 0.289163 0.602315 -0.049696
v 0.487797 0.954731 -0.005264
v 0.298513 0.597916 -0.055219
v 0.488787 0.954265 -0.005849
v 0.308658 0.593142 -0.058620
v 0.489862 0.953759 -0.006209
vn 0.0972 0.1321 -0.9865
vn 0.2877 0.1321 -0.9486
vn 0.4673 0.1321 -0.8742
vn 0.6288 0.1321 -0.7662
vn 0.7662 0.1321 -0.6288
vn 0.8742 0.1321 -0.4673
vn 0.9486 0.1321 -0.2877
vn 0.9865 0.1321 -0.0972
vn 0.9865 0.1321 0.0972
vn 0.9486 0.1321 0.2877
vn 0.8742 0.1321 0.4673
vn 0.7662 0.1321 0.6288
vn 0.6288 0.1321 0.7662
vn 0.4673 0.1321 0.8742
vn 0.2877 0.1321 0.9486
vn 0.0972 0.1321 0.9865
vn -0.0972 0.1321 0.9865
vn -0.2877 0.1321 0.9486
vn -0.4673 0.1321 0.8742
vn -0.6288 0.1321 0.7662
vn -0.7662 0.1321 0.6288
vn -0.8742 0.1321 0.4673
vn -0.9486 0.1321 0.2877
vn -0.9865 0.1321 0.0972
vn -0.9865 0.1321 -0.0972
vn -0.9486 0.1321 -0.2877
vn -0.8742 0.1321 -0.4673
vn -0.7662 0.1321 -0.6288
vn -0.6288 0.1321 -0.7662
vn -0.4673 0.1321 -0.8742
vn -0.0000 1.0000 -0.0000
vn -0.2877 0.1321 -0.9486
vn -0.0972 0.1321 -0.9865
vn -0.0000 -1.0000 -0.0000
vn 0.0975 -0.0975 -0.9904
vn 0.0286 0.9565 -0.2902
vn 0.0938 -0.2890 -0.9527
vn 0.0464 0.8810 -0.4709
vn 0.0865 -0.4696 -0.8786
vn 0.0624 0.7715 -0.6332
vn 0.0759 -0.6326 -0.7708
vn 0.0759 0.6326 -0.7708
vn 0.0624 -0.7715 -0.6332
vn 0.0865 0.4696 -0.8786
vn 0.0464 -0.8810 -0.4709
vn 0.0938 0.2890 -0.9527
vn 0.0286 -0.9565 -0.2902
vn 0.0975 0.0976 -0.9904
vn 0.0097 0.9951 -0.0980
vn 0.0097 -0.9951 -0.0980
vn 0.2889 0.0976 -0.9524
vn 0.0286 0.9951 -0.0942
vn 0.0286 -0.9951 -0.0942
vn 0.2889 -0.0975 -0.9524
vn 0.0846 0.9565 -0.2790
vn 0.2779 -0.2890 -0.9161
vn 0.1374 0.8810 -0.4528
vn 0.2563 -0.4696 -0.8448
vn 0.1847 0.7715 -0.6088
vn 0.2248 -0.6326 -0.7412
vn 0.2248 0.6326 -0.7412
vn 0.1847 -0.7715 -0.6088
vn 0.2563 0.4696 -0.8448
vn 0.1374 -0.8810 -0.4528
vn 0.2779 0.2890 -0.9161
vn 0.0846 -0.9565 -0.2790
vn 0.3651 -0.6326 -0.6831
vn 0.3651 0.6326 -0.6831
vn 0.2999 -0.7715 -0.5611
vn 0.4162 0.4696 -0.7786
vn 0.2231 -0.8810 -0.4173
vn 0.4513 0.2890 -0.8443
vn 0.1374 -0.9566 -0.2571
vn 0.4691 0.0975 -0.8777
vn 0.0464 0.9951 -0.0869
vn 0.0464 -0.9951 -0.0869
vn 0.4691 -0.0975 -0.8777
vn 0.1374 0.9565 -0.2571
vn 0.4513 -0.2890 -0.8443
vn 0.2231 0.8810 -0.4173
vn 0.4162 -0.4696 -0.7786
vn 0.2999 0.7715 -0.5611
vn 0.0625 0.9951 -0.0761
vn 0.0625 -0.9951 -0.0761
vn 0.6314 -0.0975 -0.7693
vn 0.1850 0.9565 -0.2254
vn 0.6073 -0.2890 -0.7400
vn 0.3002 0.8810 -0.3658
vn 0.5601 -0.4696 -0.6825
vn 0.4036 0.7715 -0.4918
vn 0.4913 -0.6326 -0.5987
vn 0.4913 0.6326 -0.5987
vn 0.4036 -0.7715 -0.4918
vn 0.5601 0.4696 -0.6825
vn 0.3002 -0.8810 -0.3658
vn 0.6073 0.2890 -0.7400
vn 0.1850 -0.9565 -0.2254
vn 0.6314 0.0975 -0.7693
vn 0.5987 0.6326 -0.4913
vn 0.4918 -0.7715 -0.4036
vn 0.6825 0.4696 -0.5601
vn 0.3658 -0.8810 -0.3002
vn 0.7400 0.2890 -0.6073
vn 0.2254 -0.9565 -0.1850
vn 0.7693 0.0975 -0.6314
vn 0.0761 0.9951 -0.0625
vn 0.0761 -0.9951 -0.0625
vn 0.7693 -0.0975 -0.6314
vn 0.2254 0.9565 -0.1850
vn 0.7400 -0.2890 -0.6073
vn 0.3658 0.8810 -0.3002
vn 0.6825 -0.4696 -0.5601
vn 0.4918 0.7715 -0.4036
vn 0.5987 -0.6326 -0.4913
vn 0.8777 -0.0975 -0.4691
vn 0.2571 0.9565 -0.1374
vn 0.8443 -0.2890 -0.4513
vn 0.4173 0.8810 -0.2230
vn 0.7786 -0.4696 -0.4162
vn 0.5611 0.7715 -0.2999
vn 0.6831 -0.6326 -0.3651
vn 0.6831 0.6326 -0.3651
vn 0.5611 -0.7715 -0.2999
vn 0.7786 0.4696 -0.4162
vn 0.4173 -0.8810 -0.2230
vn 0.8443 0.2890 -0.4513
vn 0.2571 -0.9565 -0.1374
vn 0.8777 0.0975 -0.4691
vn 0.0869 0.9951 -0.0464
vn 0.0869 -0.9951 -0.0464
vn 0.6088 -0.7715 -0.1847
vn 0.8448 0.4696 -0.2563
vn 0.4528 -0.8810 -0.1374
vn 0.9161 0.2890 -0.2779
vn 0.2790 -0.9565 -0.0846
vn 0.9524 0.0975 -0.2889
vn 0.0942 0.9951 -0.0286
vn 0.0942 -0.9951 -0.0286
vn 0.9524 -0.0975 -0.2889
vn 0.2790 0.9565 -0.0846
vn 0.9161 -0.2890 -0.2779
vn 0.4528 0.8810 -0.1374
vn 0.8448 -0.4696 -0.2563
vn 0.6088 0.7715 -0.1847
vn 0.7412 -0.6326 -0.2248
vn 0.7412 0.6326 -0.2248
vn 0.9527 -0.2890 -0.0938
vn 0.4709 0.8810 -0.0464
vn 0.8786 -0.4696 -0.0865
vn 0.6332 0.7715 -0.0624
vn 0.7708 -0.6326 -0.0759
vn 0.7708 0.6326 -0.0759
vn 0.6332 -0.7715 -0.0624
vn 0.8786 0.4696 -0.0865
vn 0.4709 -0.8810 -0.0464
vn 0.9527 0.2890 -0.0938
vn 0.2902 -0.9565 -0.0286
vn 0.9904 0.0975 -0.0976
vn 0.0980 0.9951 -0.0097
vn 0.0980 -0.9951 -0.0097
vn 0.9904 -0.0975 -0.0975
vn 0.2902 0.9565 -0.0286
vn 0.4709 -0.8810 0.0464
vn 0.9527 0.2890 0.0938
vn 0.2902 -0.9565 0.0286
vn 0.9904 0.0975 0.0976
vn 0.0980 0.9951 0.0097
vn 0.0980 -0.9951 0.0097
vn 0.9904 -0.0975 0.0976
vn 0.2902 0.9565 0.0286
vn 0.9527 -0.2890 0.0938
vn 0.4709 0.8810 0.0464
vn 0.8786 -0.4696 0.0865
vn 0.6332 0.7715 0.0624
vn 0.7708 -0.6326 0.0759
vn 0.7708 0.6326 0.0759
vn 0.6332 -0.7715 0.0624
vn 0.8786 0.4696 0.0865
vn 0.4528 0.8810 0.1374
vn 0.8448 -0.4696 0.2563
vn 0.6088 0.7715 0.1847
vn 0.7412 -0.6326 0.2248
vn 0.7412 0.6326 0.2248
vn 0.6088 -0.7715 0.1847
vn 0.8448 0.4696 0.2563
vn 0.4528 -0.8810 0.1374
vn 0.9161 0.2890 0.2779
vn 0.2790 -0.9565 0.0846
vn 0.9524 0.0975 0.2889
vn 0.0942 0.9951 0.0286
vn 0.0942 -0.9951 0.0286
vn 0.9524 -0.0975 0.2889
vn 0.2790 0.9565 0.0846
vn 0.9161 -0.2890 0.2779
vn 0.8443 0.2890 0.4513
vn 0.2571 -0.9565 0.1374
vn 0.8777 0.0975 0.4691
vn 0.0869 0.9951 0.0464
vn 0.0869 -0.9951 0.0464
vn 0.8777 -0.0975 0.4691
vn 0.2571 0.9565 0.1374
vn 0.8443 -0.2890 0.4513
vn 0.4173 0.8810 0.2231
vn 0.7786 -0.4696 0.4162
vn 0.5611 0.7715 0.2999
vn 0.6831 -0.6326 0.3651
vn 0.6831 0.6326 0.3651
vn 0.5611 -0.7715 0.2999
vn 0.7786 0.4696 0.4162
vn 0.4173 -0.8810 0.2231
vn 0.6825 -0.4696 0.5601
vn 0.4918 0.7715 0.4036
vn 0.5987 -0.6326 0.4913
vn 0.5987 0.6326 0.4913
vn 0.4918 -0.7715 0.4036
vn 0.6825 0.4696 0.5601
vn 0.3658 -0.8810 0.3002
vn 0.7400 0.2890 0.6073
vn 0.2254 -0.9565 0.1850
vn 0.7693 0.0975 0.6314
vn 0.0761 0.9951 0.0625
vn 0.0761 -0.9951 0.0625
vn 0.7693 -0.0975 0.6314
vn 0.2254 0.9565 0.1850
vn 0.7400 -0.2890 0.6073
vn 0.3658 0.8810 0.3002
vn 0.1850 -0.9565 0.2254
vn 0.6314 0.0975 0.7693
vn 0.0625 0.9951 0.0761
vn 0.0625 -0.9951 0.0761
vn 0.6314 -0.0975 0.7693
vn 0.1850 0.9565 0.2254
vn 0.6073 -0.2890 0.7400
vn 0.3002 0.8810 0.3658
vn 0.5601 -0.4696 0.6825
vn 0.4036 0.7715 0.4918
vn 0.4913 -0.6326 0.5987
vn 0.4913 0.6326 0.5987
vn 0.4036 -0.7715 0.4918
vn 0.5601 0.4696 0.6825
vn 0.3002 -0.8810 0.3658
vn 0.6073 0.2890 0.7400
vn 0.2999 0.7715 0.5611
vn 0.3651 -0.6326 0.6831
vn 0.3651 0.6326 0.6831
vn 0.2999 -0.7715 0.5611
vn 0.4162 0.4696 0.7786
vn 0.2231 -0.8810 0.4173
vn 0.4513 0.2890 0.8443
vn 0.1374 -0.9565 0.2571
vn 0.4691 0.0975 0.8777
vn 0.0464 0.9951 0.0869
vn 0.0464 -0.9951 0.0869
vn 0.4691 -0.0975 0.8777
vn 0.1374 0.9565 0.2571
vn 0.4513 -0.2890 0.8443
vn 0.2231 0.8810 0.4173
vn 0.4162 -0.4696 0.7786
vn 0.2889 0.0975 0.9524
vn 0.0286 0.9951 0.0942
vn 0.0286 -0.9951 0.0942
vn 0.2889 -0.0975 0.9524
vn 0.0846 0.9565 0.2790
vn 0.2779 -0.2890 0.9161
vn 0.1374 0.8810 0.4528
vn 0.2563 -0.4696 0.8448
vn 0.1847 0.7715 0.6088
vn 0.2248 -0.6326 0.7412
vn 0.2248 0.6326 0.7412
vn 0.1847 -0.7715 0.6088
vn 0.2563 0.4696 0.8448
vn 0.1374 -0.8810 0.4528
vn 0.2779 0.2890 0.9161
vn 0.0846 -0.9565 0.2790
vn 0.0759 -0.6326 0.7708
vn 0.0759 0.6326 0.7708
vn 0.0624 -0.7715 0.6332
vn 0.0865 0.4696 0.8786
vn 0.0464 -0.8810 0.4709
vn 0.0938 0.2890 0.9527
vn 0.0286 -0.9565 0.2902
vn 0.0975 0.0975 0.9904
vn 0.0097 0.9951 0.0980
vn 0.0097 -0.9951 0.0980
vn 0.0975 -0.0975 0.9904
vn 0.0286 0.9565 0.2902
vn 0.0938 -0.2890 0.9527
vn 0.0464 0.8810 0.4709
vn 0.0865 -0.4696 0.8786
vn 0.0624 0.7715 0.6332
vn -0.0097 -0.9951 0.0980
vn -0.0975 -0.0975 0.9904
vn -0.0286 0.9565 0.2902
vn -0.0938 -0.2890 0.9527
vn -0.0464 0.8810 0.4709
vn -0.0865 -0.4696 0.8786
vn -0.0624 0.7715 0.6332
vn -0.0759 -0.6326 0.7708
vn -0.0759 0.6326 0.7708
vn -0.0624 -0.7715 0.6332
vn -0.0865 0.4696 0.8786
vn -0.0464 -0.8810 0.4709
vn -0.0938 0.2890 0.9527
vn -0.0286 -0.9565 0.2902
vn -0.0976 0.0975 0.9904
vn -0.0097 0.9951 0.0980
vn -0.1847 -0.7715 0.6088
vn -0.2563 0.4696 0.8448
vn -0.1374 -0.8810 0.4528
vn -0.2779 0.2890 0.9161
vn -0.0846 -0.9565 0.2790
vn -0.2889 0.0975 0.9524
vn -0.0286 0.9951 0.0942
vn -0.0286 -0.9951 0.0942
vn -0.2889 -0.0975 0.9524
vn -0.0846 0.9565 0.2790
vn -0.2779 -0.2890 0.9161
vn -0.1374 0.8810 0.4528
vn -0.2563 -0.4696 0.8448
vn -0.1847 0.7715 0.6088
vn -0.2248 -0.6326 0.7412
vn -0.2248 0.6326 0.7412
vn -0.1374 0.9565 0.2571
vn -0.4513 -0.2890 0.8443
vn -0.2231 0.8810 0.4173
vn -0.4162 -0.4696 0.7786
vn -0.2999 0.7715 0.5611
vn -0.3651 -0.6326 0.6831
vn -0.3651 0.6326 0.6831
vn -0.2999 -0.7715 0.5611
vn -0.4162 0.4696 0.7786
vn -0.2231 -0.8810 0.4173
vn -0.4513 0.2890 0.8443
vn -0.1374 -0.9565 0.2571
vn -0.4691 0.0975 0.8777
vn -0.0464 0.9951 0.0869
vn -0.0464 -0.9951 0.0869
vn -0.4691 -0.0975 0.8777
vn -0.5601 0.4696 0.6825
vn -0.3002 -0.8810 0.3658
vn -0.6073 0.2890 0.7400
vn -0.1850 -0.9565 0.2254
vn -0.6314 0.0975 0.7693
vn -0.0625 0.9951 0.0761
vn -0.0625 -0.9951 0.0761
vn -0.6314 -0.0975 0.7693
vn -0.1850 0.9565 0.2254
vn -0.6073 -0.2890 0.7400
vn -0.3002 0.8810 0.3658
vn -0.5601 -0.4696 0.6825
vn -0.4036 0.7715 0.4918
vn -0.4913 -0.6326 0.5987
vn -0.4913 0.6326 0.5987
vn -0.4036 -0.7715 0.4918
vn -0.7400 -0.2890 0.6073
vn -0.3658 0.8810 0.3002
vn -0.6825 -0.4696 0.5601
vn -0.4918 0.7715 0.4036
vn -0.5987 -0.6326 0.4913
vn -0.5987 0.6326 0.4913
vn -0.4918 -0.7715 0.4036
vn -0.6825 0.4696 0.5601
vn -0.3658 -0.8810 0.3002
vn -0.7400 0.2890 0.6073
vn -0.2254 -0.9566 0.1850
vn -0.7693 0.0975 0.6314
vn -0.0761 0.9951 0.0625
vn -0.0761 -0.9951 0.0625
vn -0.7693 -0.0975 0.6314
vn -0.2254 0.9565 0.1850
vn -0.4173 -0.8810 0.2231
vn -0.8443 0.2890 0.4513
vn -0.2571 -0.9566 0.1374
vn -0.8777 0.0975 0.4691
vn -0.0869 0.9951 0.0464
vn -0.0869 -0.9951 0.0464
vn -0.8777 -0.0975 0.4691
vn -0.2571 0.9565 0.1374
vn -0.8443 -0.2890 0.4513
vn -0.4173 0.8810 0.2231
vn -0.7786 -0.4696 0.4162
vn -0.5611 0.7715 0.2999
vn -0.6831 -0.6326 0.3651
vn -0.6831 0.6326 0.3651
vn -0.5611 -0.7715 0.2999
vn -0.7786 0.4696 0.4162
vn -0.4528 0.8810 0.1374
vn -0.8448 -0.4696 0.2563
vn -0.6088 0.7715 0.1847
vn -0.7412 -0.6326 0.2248
vn -0.7412 0.6326 0.2248
vn -0.6088 -0.7715 0.1847
vn -0.8448 0.4696 0.2563
vn -0.4528 -0.8810 0.1374
vn -0.9161 0.2890 0.2779
vn -0.2790 -0.9565 0.0846
vn -0.9524 0.0975 0.2889
vn -0.0942 0.9951 0.0286
vn -0.0942 -0.9951 0.0286
vn -0.9524 -0.0975 0.2889
vn -0.2790 0.9565 0.0846
vn -0.9161 -0.2890 0.2779
vn -0.9527 0.2890 0.0938
vn -0.2902 -0.9565 0.0286
vn -0.9904 0.0975 0.0975
vn -0.0980 0.9951 0.0097
vn -0.0980 -0.9951 0.0097
vn -0.9904 -0.0975 0.0975
vn -0.2902 0.9565 0.0286
vn -0.9527 -0.2890 0.0938
vn -0.4709 0.8810 0.0464
vn -0.8786 -0.4696 0.0865
vn -0.6332 0.7715 0.0624
vn -0.7708 -0.6326 0.0759
vn -0.7708 0.6326 0.0759
vn -0.6332 -0.7715 0.0624
vn -0.8786 0.4696 0.0865
vn -0.4709 -0.8810 0.0464
vn -0.8786 -0.4696 -0.0865
vn -0.6332 0.7715 -0.0624
vn -0.7708 -0.6326 -0.0759
vn -0.7708 0.6326 -0.0759
vn -0.6332 -0.7715 -0.0624
vn -0.8786 0.4696 -0.0865
vn -0.4709 -0.8810 -0.0464
vn -0.9527 0.2890 -0.0938
vn -0.2902 -0.9565 -0.0286
vn -0.9904 0.0975 -0.0976
vn -0.0980 0.9951 -0.0097
vn -0.0980 -0.9951 -0.0097
vn -0.9904 -0.0975 -0.0976
vn -0.2902 0.9565 -0.0286
vn -0.9527 -0.2890 -0.0938
vn -0.4709 0.8810 -0.0464
vn -0.2790 -0.9565 -0.0846
vn -0.9524 0.0975 -0.2889
vn -0.0942 0.9951 -0.0286
vn -0.0942 -0.9951 -0.0286
vn -0.9524 -0.0975 -0.2889
vn -0.2790 0.9565 -0.0846
vn -0.9161 -0.2890 -0.2779
vn -0.4528 0.8810 -0.1374
vn -0.8448 -0.4696 -0.2563
vn -0.6088 0.7715 -0.1847
vn -0.7412 -0.6326 -0.2248
vn -0.7412 0.6326 -0.2248
vn -0.6088 -0.7715 -0.1847
vn -0.8448 0.4696 -0.2563
vn -0.4528 -0.8810 -0.1374
vn -0.9161 0.2890 -0.2779
vn -0.6831 -0.6326 -0.3651
vn -0.6831 0.6326 -0.3651
vn -0.5611 -0.7715 -0.2999
vn -0.7786 0.4696 -0.4162
vn -0.4173 -0.8810 -0.2231
vn -0.8443 0.2890 -0.4513
vn -0.2571 -0.9565 -0.1374
vn -0.8777 0.0975 -0.4691
vn -0.0869 0.9951 -0.0464
vn -0.0869 -0.9951 -0.0464
vn -0.8777 -0.0975 -0.4691
vn -0.2571 0.9565 -0.1374
vn -0.8443 -0.2890 -0.4513
vn -0.4173 0.8810 -0.2231
vn -0.7786 -0.4696 -0.4162
vn -0.5611 0.7715 -0.2999
vn -0.0761 0.9951 -0.0625
vn -0.0761 -0.9951 -0.0625
vn -0.7693 -0.0975 -0.6314
vn -0.2254 0.9565 -0.1850
vn -0.7400 -0.2890 -0.6073
vn -0.3658 0.8810 -0.3002
vn -0.6825 -0.4696 -0.5601
vn -0.4918 0.7715 -0.4036
vn -0.5987 -0.6326 -0.4913
vn -0.5987 0.6326 -0.4913
vn -0.4918 -0.7715 -0.4036
vn -0.6825 0.4696 -0.5601
vn -0.3658 -0.8810 -0.3002
vn -0.7400 0.2890 -0.6073
vn -0.2254 -0.9565 -0.1850
vn -0.7693 0.0975 -0.6314
vn -0.4913 0.6326 -0.5987
vn -0.4036 -0.7715 -0.4918
vn -0.5601 0.4696 -0.6825
vn -0.3002 -0.8810 -0.3658
vn -0.6073 0.2890 -0.7400
vn -0.1850 -0.9565 -0.2254
vn -0.6314 0.0975 -0.7693
vn -0.0625 0.9951 -0.0761
vn -0.0625 -0.9951 -0.0761
vn -0.6314 -0.0975 -0.7693
vn -0.1850 0.9565 -0.2254
vn -0.6073 -0.2890 -0.7400
vn -0.3002 0.8810 -0.3658
vn -0.5601 -0.4696 -0.6825
vn -0.4036 0.7715 -0.4918
vn -0.4913 -0.6326 -0.5987
vn -0.4691 -0.0975 -0.8777
vn -0.1374 0.9565 -0.2571
vn -0.4513 -0.2890 -0.8443
vn -0.2230 0.8810 -0.4173
vn -0.4162 -0.4696 -0.7786
vn -0.2999 0.7715 -0.5611
vn -0.3651 -0.6326 -0.6831
vn -0.3651 0.6326 -0.6831
vn -0.2999 -0.7715 -0.5611
vn -0.4162 0.4696 -0.7786
vn -0.2230 -0.8810 -0.4173
vn -0.4513 0.2890 -0.8443
vn -0.1374 -0.9565 -0.2571
vn -0.4691 0.0975 -0.8777
vn -0.0464 0.9951 -0.0869
vn -0.0464 -0.9951 -0.0869
vn -0.1847 -0.7715 -0.6088
vn -0.2563 0.4696 -0.8448
vn -0.1374 -0.8810 -0.4528
vn -0.2779 0.2890 -0.9161
vn -0.0846 -0.9565 -0.2790
vn -0.2889 0.0975 -0.9524
vn -0.0286 0.9951 -0.0942
vn -0.0286 -0.9951 -0.0942
vn -0.2889 -0.0975 -0.9524
vn -0.0846 0.9565 -0.2790
vn -0.2779 -0.2890 -0.9161
vn -0.1374 0.8810 -0.4528
vn -0.2563 -0.4696 -0.8448
vn -0.1847 0.7715 -0.6088
vn -0.2248 -0.6326 -0.7412
vn -0.2248 0.6326 -0.7412
vn -0.0286 0.9565 -0.2902
vn -0.0938 -0.2890 -0.9527
vn -0.0464 0.8810 -0.4709
vn -0.0865 -0.4696 -0.8786
vn -0.0624 0.7715 -0.6332
vn -0.0759 -0.6326 -0.7708
vn -0.0759 0.6326 -0.7708
vn -0.0624 -0.7715 -0.6332
vn -0.0865 0.4696 -0.8786
vn -0.0464 -0.8810 -0.4709
vn -0.0938 0.2890 -0.9527
vn -0.0286 -0.9565 -0.2902
vn -0.0976 0.0975 -0.9904
vn -0.0097 0.9951 -0.0980
vn -0.0097 -0.9951 -0.0980
vn -0.0976 -0.0975 -0.9904
vn 0.0323 0.1596 -0.9867
vn 0.2048 0.2408 -0.9487
vn 0.3672 0.3172 -0.8744
vn 0.5135 0.3860 -0.7664
vn 0.6378 0.4445 -0.6290
vn 0.7355 0.4905 -0.4673
vn 0.8028 0.5222 -0.2878
vn 0.8371 0.5383 -0.0972
vn 0.8371 0.5383 0.0972
vn 0.8028 0.5222 0.2878
vn 0.7355 0.4905 0.4674
vn 0.6378 0.4445 0.6290
vn 0.5135 0.3860 0.7664
vn 0.3672 0.3172 0.8744
vn 0.2048 0.2408 0.9487
vn 0.0323 0.1596 0.9867
vn -0.1436 0.0769 0.9867
vn -0.3160 -0.0043 0.9487
vn -0.4785 -0.0807 0.8744
vn -0.6247 -0.1495 0.7664
vn -0.7491 -0.2080 0.6290
vn -0.8468 -0.2540 0.4674
vn -0.9141 -0.2857 0.2878
vn -0.9484 -0.3018 0.0972
vn -0.9484 -0.3018 -0.0972
vn -0.9141 -0.2857 -0.2878
vn -0.8468 -0.2540 -0.4674
vn -0.7491 -0.2080 -0.6290
vn -0.6247 -0.1495 -0.7664
vn -0.4785 -0.0807 -0.8744
vn -0.4257 0.9048 -0.0000
vn -0.3160 -0.0043 -0.9487
vn -0.1436 0.0769 -0.9867
vn 0.4258 -0.9048 -0.0000
vn 0.1436 0.0769 -0.9867
vn 0.3160 -0.0043 -0.9487
vn 0.4785 -0.0807 -0.8744
vn 0.6247 -0.1495 -0.7664
vn 0.7491 -0.2080 -0.6290
vn 0.8468 -0.2540 -0.4674
vn 0.9141 -0.2857 -0.2878
vn 0.9484 -0.3018 -0.0972
vn 0.9484 -0.3018 0.0972
vn 0.9141 -0.2857 0.2878
vn 0.8468 -0.2540 0.4674
vn 0.7491 -0.2080 0.6290
vn 0.6247 -0.1495 0.7664
vn 0.4785 -0.0807 0.8744
vn 0.3160 -0.0043 0.9487
vn 0.1436 0.0769 0.9866
vn -0.0323 0.1596 0.9867
vn -0.2048 0.2408 0.9487
vn -0.3672 0.3172 0.8744
vn -0.5135 0.3860 0.7664
vn -0.6378 0.4445 0.6289
vn -0.7355 0.4905 0.4674
vn -0.8028 0.5222 0.2878
vn -0.8371 0.5383 0.0972
vn -0.8371 0.5383 -0.0972
vn -0.8028 0.5222 -0.2878
vn -0.7355 0.4905 -0.4674
vn -0.6378 0.4445 -0.6289
vn -0.5135 0.3860 -0.7664
vn -0.3672 0.3172 -0.8744
vn 0.4258 0.9048 -0.0000
vn -0.2048 0.2408 -0.9487
vn -0.0323 0.1596 -0.9867
vn -0.4258 -0.9048 -0.0000
vn 0.0975 0.0975 -0.9904
vn 0.2889 0.0975 -0.9524
vn 0.2889 -0.0976 -0.9524
vn 0.2230 -0.8810 -0.4173
vn 0.1374 -0.9565 -0.2571
vn 0.4691 0.0976 -0.8777
vn 0.4173 0.8810 -0.2231
vn 0.9904 0.0975 -0.0975
vn 0.9904 -0.0975 -0.0976
vn 0.2254 0.9566 0.1850
vn 0.2230 -0.8810 0.4173
vn 0.2230 0.8810 0.4173
vn -0.0976 -0.0975 0.9904
vn -0.0975 0.0975 0.9904
vn -0.2254 -0.9565 0.1850
vn -0.2571 -0.9565 0.1374
vn -0.2231 0.8810 -0.4173
vn -0.2231 -0.8810 -0.4173
vn 0.3673 0.3173 -0.8743
vn 0.6378 0.4445 -0.6289
vn 0.7355 0.4905 -0.4674
vn 0.8028 0.5222 -0.2877
vn 0.8371 0.5383 -0.0973
vn 0.8371 0.5383 0.0973
vn 0.6378 0.4446 0.6289
vn 0.3673 0.3172 0.8743
vn 0.2047 0.2408 0.9487
vn -0.1436 0.0769 0.9866
vn -0.6248 -0.1495 0.7664
vn -0.7491 -0.2080 0.6289
vn -0.9141 -0.2857 0.2877
vn -0.9484 -0.3018 0.0971
vn -0.7491 -0.2080 -0.6289
vn -0.6248 -0.1495 -0.7664
vn -0.4259 0.9048 -0.0000
vn -0.4256 0.9049 0.0008
vn -0.4258 0.9048 -0.0005
vn -0.4254 0.9050 0.0002
vn -0.4254 0.9050 -0.0000
vn -0.4248 0.9053 -0.0000
vn -0.4254 0.9050 -0.0002
vn -0.4261 0.9047 0.0005
vn -0.4256 0.9049 -0.0008
vn -0.4254 0.9050 0.0004
vn -0.4261 0.9047 0.0001
vn -0.4248 0.9053 0.0002
vn -0.4248 0.9053 -0.0002
vn -0.4258 0.9048 -0.0002
vn -0.4251 0.9051 -0.0004
vn -0.4256 0.9049 -0.0000
vn -0.4258 0.9048 0.0002
vn -0.4256 0.9049 0.0001
vn -0.4256 0.9049 -0.0001
vn -0.4258 0.9048 -0.0000
vn -0.3161 -0.0043 -0.9487
vn -0.1436 0.0769 -0.9866
vn 0.4258 -0.9048 0.0001
vn 0.4257 -0.9048 -0.0000
vn 0.4257 -0.9049 -0.0000
vn 0.4256 -0.9049 -0.0000
vn 0.4258 -0.9048 -0.0001
vn 0.1436 0.0769 -0.9866
vn 0.7491 -0.2080 -0.6289
vn 0.9484 -0.3018 0.0971
vn 0.7491 -0.2080 0.6289
vn 0.6248 -0.1495 0.7664
vn 0.1436 0.0769 0.9867
vn -0.3673 0.3172 0.8743
vn -0.5134 0.3860 0.7664
vn -0.6379 0.4446 0.6289
vn -0.8371 0.5383 0.0971
vn -0.8371 0.5383 -0.0971
vn -0.6379 0.4446 -0.6289
vn -0.5134 0.3860 -0.7664
vn -0.3673 0.3172 -0.8743
vn 0.4256 0.9049 0.0004
vn 0.4259 0.9048 0.0002
vn 0.4251 0.9051 -0.0011
vn 0.4248 0.9053 -0.0004
vn 0.4261 0.9047 0.0001
vn 0.4261 0.9047 -0.0000
vn 0.4252 0.9051 0.0004
vn 0.4248 0.9053 0.0011
vn 0.4259 0.9048 -0.0002
vn 0.4256 0.9049 -0.0004
vn 0.4261 0.9047 0.0004
vn 0.4254 0.9050 -0.0001
vn 0.4248 0.9053 -0.0000
vn 0.4254 0.9050 -0.0000
vn 0.4254 0.9050 0.0001
vn 0.4258 0.9048 -0.0004
vn 0.4258 0.9048 -0.0002
vn 0.4259 0.9048 0.0001
vn 0.4259 0.9048 -0.0000
vn 0.4259 0.9048 -0.0001
vn 0.4258 0.9048 0.0002
vn 0.4256 0.9049 -0.0000
vn 0.4257 0.9048 -0.0000
vn -0.4258 -0.9048 0.0001
vn -0.4257 -0.9049 -0.0000
vn -0.4258 -0.9048 -0.0001
vn -0.4257 -0.9048 -0.0000
vt 0.749900 0.000299
vt 0.500199 0.015905
vt 0.500199 0.000299
vt 0.749900 0.015905
vt 0.500199 0.031512
vt 0.749900 0.031512
vt 0.500199 0.047118
vt 0.749900 0.047118
vt 0.500199 0.062724
vt 0.749900 0.062724
vt 0.500199 0.078331
vt 0.749900 0.078331
vt 0.500199 0.093937
vt 0.749900 0.093937
vt 0.500199 0.109543
vt 0.749900 0.109543
vt 0.500199 0.125149
vt 0.749900 0.125149
vt 0.500199 0.140756
vt 0.749900 0.140756
vt 0.500199 0.156362
vt 0.749900 0.156362
vt 0.500199 0.171968
vt 0.749900 0.171968
vt 0.500199 0.187575
vt 0.749900 0.203181
vt 0.500199 0.203181
vt 0.500199 0.218787
vt 0.749900 0.218787
vt 0.500199 0.234394
vt 0.749900 0.234394
vt 0.500199 0.250000
vt 0.749900 0.250000
vt 0.500199 0.265606
vt 0.749900 0.265606
vt 0.500199 0.281213
vt 0.749900 0.281213
vt 0.500199 0.296819
vt 0.749900 0.296819
vt 0.500199 0.312425
vt 0.749900 0.312425
vt 0.500199 0.328032
vt 0.749900 0.328032
vt 0.500199 0.343638
vt 0.749900 0.343638
vt 0.500199 0.359244
vt 0.749900 0.359244
vt 0.500199 0.374850
vt 0.749900 0.374850
vt 0.500199 0.390457
vt 0.749900 0.390457
vt 0.500199 0.406063
vt 0.749900 0.406063
vt 0.500199 0.421669
vt 0.749900 0.421669
vt 0.500199 0.437276
vt 0.749900 0.437276
vt 0.500199 0.452882
vt 0.749900 0.452882
vt 0.500199 0.468488
vt 0.255182 0.584686
vt 0.404670 0.504783
vt 0.484573 0.654271
vt 0.749900 0.468488
vt 0.500199 0.484095
vt 0.749900 0.484095
vt 0.500199 0.499701
vt 0.989057 0.346987
vt 0.858029 0.239456
vt 0.750498 0.370483
vt 0.374776 0.249950
vt 0.359172 0.218744
vt 0.374776 0.218744
vt 0.374776 0.437188
vt 0.359172 0.468395
vt 0.359172 0.437188
vt 0.359172 0.187537
vt 0.374776 0.187537
vt 0.374776 0.405982
vt 0.359172 0.405982
vt 0.359172 0.156331
vt 0.374776 0.156331
vt 0.374776 0.374776
vt 0.359172 0.374776
vt 0.359172 0.125125
vt 0.374776 0.125125
vt 0.374776 0.343569
vt 0.359172 0.343569
vt 0.359172 0.093918
vt 0.374776 0.093918
vt 0.374776 0.312363
vt 0.359172 0.312363
vt 0.359172 0.062712
vt 0.374776 0.062712
vt 0.359172 0.281156
vt 0.374776 0.281156
vt 0.359172 0.031505
vt 0.374776 0.031505
vt 0.359172 0.249950
vt 0.374776 0.468395
vt 0.366974 0.499601
vt 0.366974 0.000299
vt 0.343569 0.249950
vt 0.351371 0.499601
vt 0.343569 0.468395
vt 0.351371 0.000299
vt 0.343569 0.031505
vt 0.343569 0.218744
vt 0.343569 0.437188
vt 0.343569 0.187537
vt 0.343569 0.405982
vt 0.343569 0.156331
vt 0.343569 0.374776
vt 0.343569 0.125125
vt 0.343569 0.343569
vt 0.343569 0.093918
vt 0.343569 0.312363
vt 0.343569 0.062712
vt 0.343569 0.281156
vt 0.327966 0.156331
vt 0.327966 0.125125
vt 0.327966 0.343569
vt 0.327966 0.093918
vt 0.327966 0.312363
vt 0.327966 0.062712
vt 0.327966 0.281156
vt 0.327966 0.031505
vt 0.327966 0.249950
vt 0.335768 0.499601
vt 0.327966 0.468395
vt 0.335768 0.000299
vt 0.327966 0.218744
vt 0.327966 0.437188
vt 0.327966 0.187537
vt 0.327966 0.405982
vt 0.327966 0.374776
vt 0.320164 0.499601
vt 0.312363 0.468395
vt 0.320164 0.000299
vt 0.312363 0.031505
vt 0.312363 0.218744
vt 0.312363 0.437188
vt 0.312363 0.187537
vt 0.312363 0.405982
vt 0.312363 0.156331
vt 0.312363 0.374776
vt 0.312363 0.125125
vt 0.312363 0.343569
vt 0.312363 0.093918
vt 0.312363 0.312363
vt 0.312363 0.062712
vt 0.312363 0.281156
vt 0.312363 0.249950
vt 0.296760 0.343569
vt 0.296760 0.125125
vt 0.296760 0.093918
vt 0.296760 0.312363
vt 0.296760 0.062712
vt 0.296760 0.281156
vt 0.296760 0.031505
vt 0.296760 0.249950
vt 0.304561 0.499601
vt 0.296760 0.468395
vt 0.304561 0.000299
vt 0.296760 0.218744
vt 0.296760 0.437188
vt 0.296760 0.187537
vt 0.296760 0.405982
vt 0.296760 0.156331
vt 0.296760 0.374776
vt 0.281156 0.218744
vt 0.281156 0.437188
vt 0.281156 0.187537
vt 0.281156 0.405982
vt 0.281156 0.156331
vt 0.281156 0.374776
vt 0.281156 0.125125
vt 0.281156 0.343569
vt 0.281156 0.093918
vt 0.281156 0.312363
vt 0.281156 0.062712
vt 0.281156 0.281156
vt 0.281156 0.031505
vt 0.281156 0.249950
vt 0.288958 0.499601
vt 0.281156 0.468395
vt 0.288958 0.000299
vt 0.265553 0.093918
vt 0.265553 0.312363
vt 0.265553 0.062712
vt 0.265553 0.281156
vt 0.265553 0.031505
vt 0.265553 0.249950
vt 0.273355 0.499601
vt 0.265553 0.468395
vt 0.273355 0.000299
vt 0.265553 0.218744
vt 0.265553 0.437188
vt 0.265553 0.187537
vt 0.265553 0.405982
vt 0.265553 0.156331
vt 0.265553 0.374776
vt 0.265553 0.125125
vt 0.265553 0.343569
vt 0.249950 0.187537
vt 0.249950 0.405982
vt 0.249950 0.156331
vt 0.249950 0.374776
vt 0.249950 0.125125
vt 0.249950 0.343569
vt 0.249950 0.093918
vt 0.249950 0.312363
vt 0.249950 0.062712
vt 0.249950 0.281156
vt 0.249950 0.031505
vt 0.249950 0.249950
vt 0.257752 0.499601
vt 0.249950 0.468395
vt 0.257752 0.000299
vt 0.249950 0.218744
vt 0.249950 0.437188
vt 0.234347 0.093918
vt 0.234347 0.062712
vt 0.234347 0.312363
vt 0.234347 0.281156
vt 0.234347 0.031505
vt 0.234347 0.249950
vt 0.242148 0.499601
vt 0.234347 0.468395
vt 0.242148 0.000299
vt 0.234347 0.218744
vt 0.234347 0.437188
vt 0.234347 0.187537
vt 0.234347 0.405982
vt 0.234347 0.156331
vt 0.234347 0.374776
vt 0.234347 0.125125
vt 0.234347 0.343569
vt 0.218744 0.405982
vt 0.218744 0.187537
vt 0.218744 0.156331
vt 0.218744 0.374776
vt 0.218744 0.125125
vt 0.218744 0.343569
vt 0.218744 0.093918
vt 0.218744 0.312363
vt 0.218744 0.062712
vt 0.218744 0.281156
vt 0.218744 0.031505
vt 0.218744 0.249950
vt 0.226545 0.499601
vt 0.218744 0.468395
vt 0.226545 0.000299
vt 0.218744 0.218744
vt 0.218744 0.437188
vt 0.203141 0.312363
vt 0.203141 0.281156
vt 0.203140 0.062712
vt 0.203140 0.031505
vt 0.203140 0.249950
vt 0.210942 0.499601
vt 0.203140 0.468395
vt 0.210942 0.000299
vt 0.203141 0.218744
vt 0.203140 0.437188
vt 0.203141 0.187537
vt 0.203140 0.405982
vt 0.203141 0.156331
vt 0.203141 0.374776
vt 0.203141 0.125125
vt 0.203141 0.343569
vt 0.203141 0.093918
vt 0.187537 0.187537
vt 0.187537 0.156331
vt 0.187537 0.374776
vt 0.187537 0.125125
vt 0.187537 0.343569
vt 0.187537 0.093918
vt 0.187537 0.312363
vt 0.187537 0.062712
vt 0.187537 0.281156
vt 0.187537 0.031505
vt 0.187537 0.249950
vt 0.195339 0.499601
vt 0.187537 0.468395
vt 0.195339 0.000299
vt 0.187537 0.218744
vt 0.187537 0.437188
vt 0.187537 0.405982
vt 0.171934 0.031505
vt 0.171934 0.281156
vt 0.171934 0.249950
vt 0.179736 0.499601
vt 0.171934 0.468395
vt 0.179736 0.000299
vt 0.171934 0.218744
vt 0.171934 0.437188
vt 0.171934 0.187537
vt 0.171934 0.405982
vt 0.171934 0.156331
vt 0.171934 0.374776
vt 0.171934 0.125125
vt 0.171934 0.343569
vt 0.171934 0.093918
vt 0.171934 0.312363
vt 0.171934 0.062712
vt 0.156331 0.374776
vt 0.156331 0.125125
vt 0.156331 0.343569
vt 0.156331 0.093918
vt 0.156331 0.312363
vt 0.156331 0.062712
vt 0.156331 0.281156
vt 0.156331 0.031505
vt 0.156331 0.249950
vt 0.164133 0.499601
vt 0.156331 0.468395
vt 0.164133 0.000299
vt 0.156331 0.218744
vt 0.156331 0.437188
vt 0.156331 0.187537
vt 0.156331 0.405982
vt 0.156331 0.156331
vt 0.140728 0.281156
vt 0.140728 0.249950
vt 0.148529 0.499601
vt 0.140728 0.468395
vt 0.148529 0.000299
vt 0.140728 0.031505
vt 0.140728 0.218744
vt 0.140728 0.437188
vt 0.140728 0.187537
vt 0.140728 0.405982
vt 0.140728 0.156331
vt 0.140728 0.374776
vt 0.140728 0.125125
vt 0.140728 0.343569
vt 0.140728 0.093918
vt 0.140728 0.312363
vt 0.140728 0.062712
vt 0.125125 0.125125
vt 0.125125 0.343569
vt 0.125125 0.093918
vt 0.125125 0.312363
vt 0.125125 0.062712
vt 0.125125 0.281156
vt 0.125125 0.031505
vt 0.125125 0.249950
vt 0.132926 0.499601
vt 0.125125 0.468395
vt 0.132926 0.000299
vt 0.125125 0.218744
vt 0.125125 0.437188
vt 0.125125 0.187537
vt 0.125125 0.405982
vt 0.125125 0.156331
vt 0.125125 0.374776
vt 0.117323 0.000299
vt 0.109521 0.031505
vt 0.109521 0.218744
vt 0.109521 0.437188
vt 0.109521 0.187537
vt 0.109521 0.405982
vt 0.109521 0.156331
vt 0.109521 0.374776
vt 0.109521 0.125125
vt 0.109521 0.343569
vt 0.109521 0.093918
vt 0.109521 0.312363
vt 0.109521 0.062712
vt 0.109521 0.281156
vt 0.109521 0.249950
vt 0.117323 0.499601
vt 0.109521 0.468395
vt 0.093918 0.125125
vt 0.093918 0.093918
vt 0.093918 0.312363
vt 0.093918 0.062712
vt 0.093918 0.281156
vt 0.093918 0.031505
vt 0.093918 0.249950
vt 0.101720 0.499601
vt 0.093918 0.468395
vt 0.101720 0.000299
vt 0.093918 0.218744
vt 0.093918 0.437188
vt 0.093918 0.187537
vt 0.093918 0.405982
vt 0.093918 0.156331
vt 0.093918 0.374776
vt 0.093918 0.343569
vt 0.078315 0.468395
vt 0.078315 0.437188
vt 0.078315 0.187537
vt 0.078315 0.405982
vt 0.078315 0.156331
vt 0.078315 0.374776
vt 0.078315 0.125125
vt 0.078315 0.343569
vt 0.078315 0.093918
vt 0.078315 0.312363
vt 0.078315 0.062712
vt 0.078315 0.281156
vt 0.078315 0.031505
vt 0.078315 0.249950
vt 0.086117 0.499601
vt 0.086117 0.000299
vt 0.078315 0.218744
vt 0.062712 0.312363
vt 0.062712 0.093918
vt 0.062712 0.062712
vt 0.062712 0.281156
vt 0.062712 0.031505
vt 0.062712 0.249950
vt 0.070513 0.499601
vt 0.062712 0.468395
vt 0.070513 0.000299
vt 0.062712 0.218744
vt 0.062712 0.437188
vt 0.062712 0.187537
vt 0.062712 0.405982
vt 0.062712 0.156331
vt 0.062712 0.374776
vt 0.062712 0.125125
vt 0.062712 0.343569
vt 0.047109 0.187537
vt 0.047109 0.405982
vt 0.047109 0.156331
vt 0.047109 0.374776
vt 0.047109 0.125125
vt 0.047109 0.343569
vt 0.047109 0.093918
vt 0.047109 0.312363
vt 0.047109 0.062712
vt 0.047109 0.281156
vt 0.047109 0.031505
vt 0.047109 0.249950
vt 0.054910 0.499601
vt 0.047109 0.468395
vt 0.054910 0.000299
vt 0.047109 0.218744
vt 0.047109 0.437188
vt 0.031505 0.093918
vt 0.031505 0.062712
vt 0.031505 0.312363
vt 0.031505 0.281156
vt 0.031505 0.031505
vt 0.031505 0.249950
vt 0.039307 0.499601
vt 0.031505 0.468395
vt 0.039307 0.000299
vt 0.031505 0.218744
vt 0.031505 0.437188
vt 0.031505 0.187537
vt 0.031505 0.405982
vt 0.031505 0.156331
vt 0.031505 0.374776
vt 0.031505 0.125125
vt 0.031505 0.343569
vt 0.015902 0.405982
vt 0.015902 0.187537
vt 0.015902 0.156331
vt 0.015902 0.374776
vt 0.015902 0.125125
vt 0.015902 0.343569
vt 0.015902 0.093918
vt 0.015902 0.312363
vt 0.015902 0.062712
vt 0.015902 0.281156
vt 0.015902 0.031505
vt 0.015902 0.249950
vt 0.023704 0.499601
vt 0.015902 0.468395
vt 0.023704 0.000299
vt 0.015902 0.218744
vt 0.015902 0.437188
vt 0.000299 0.312363
vt 0.000299 0.281156
vt 0.000299 0.031505
vt 0.000299 0.249950
vt 0.008101 0.499601
vt 0.000299 0.468395
vt 0.008101 0.000299
vt 0.000299 0.218744
vt 0.000299 0.437188
vt 0.000299 0.187537
vt 0.000299 0.405982
vt 0.000299 0.156331
vt 0.000299 0.374776
vt 0.000299 0.125125
vt 0.000299 0.343569
vt 0.000299 0.093918
vt 0.000299 0.062712
vt 0.499601 0.156331
vt 0.483998 0.187537
vt 0.483998 0.156331
vt 0.499601 0.405982
vt 0.483998 0.374776
vt 0.499601 0.374776
vt 0.483998 0.125125
vt 0.499601 0.125125
vt 0.499601 0.343569
vt 0.483998 0.343569
vt 0.499601 0.093918
vt 0.483998 0.093918
vt 0.483998 0.312363
vt 0.499601 0.312363
vt 0.483998 0.062712
vt 0.499601 0.062712
vt 0.499601 0.281156
vt 0.483998 0.281156
vt 0.483998 0.031505
vt 0.499601 0.031505
vt 0.499601 0.249950
vt 0.483998 0.249950
vt 0.499601 0.468395
vt 0.491800 0.499601
vt 0.483998 0.468395
vt 0.491800 0.000299
vt 0.483998 0.218744
vt 0.499601 0.218744
vt 0.483998 0.437188
vt 0.499601 0.437188
vt 0.499601 0.187537
vt 0.483998 0.405982
vt 0.468395 0.031505
vt 0.468395 0.281156
vt 0.468395 0.249950
vt 0.476196 0.499601
vt 0.468395 0.468395
vt 0.476196 0.000299
vt 0.468395 0.218744
vt 0.468395 0.437188
vt 0.468395 0.187537
vt 0.468395 0.405982
vt 0.468395 0.156331
vt 0.468395 0.374776
vt 0.468395 0.125125
vt 0.468395 0.343569
vt 0.468395 0.093918
vt 0.468395 0.312363
vt 0.468395 0.062712
vt 0.452792 0.125125
vt 0.452792 0.374776
vt 0.452792 0.343569
vt 0.452792 0.093918
vt 0.452792 0.312363
vt 0.452792 0.062712
vt 0.452792 0.281156
vt 0.452792 0.031505
vt 0.452792 0.249950
vt 0.460593 0.499601
vt 0.452792 0.468395
vt 0.460593 0.000299
vt 0.452792 0.218744
vt 0.452792 0.437188
vt 0.452792 0.187537
vt 0.452792 0.405982
vt 0.452792 0.156331
vt 0.444990 0.499601
vt 0.437188 0.468395
vt 0.444990 0.000299
vt 0.437188 0.031505
vt 0.437188 0.218744
vt 0.437188 0.437188
vt 0.437188 0.187537
vt 0.437188 0.405982
vt 0.437188 0.156331
vt 0.437188 0.374776
vt 0.437188 0.125125
vt 0.437188 0.343569
vt 0.437188 0.093918
vt 0.437188 0.312363
vt 0.437188 0.062712
vt 0.437188 0.281156
vt 0.437188 0.249950
vt 0.421585 0.374776
vt 0.421585 0.343569
vt 0.421585 0.125125
vt 0.421585 0.093918
vt 0.421585 0.312363
vt 0.421585 0.062712
vt 0.421585 0.281156
vt 0.421585 0.031505
vt 0.421585 0.249950
vt 0.429387 0.499601
vt 0.421585 0.468395
vt 0.429387 0.000299
vt 0.421585 0.218744
vt 0.421585 0.437188
vt 0.421585 0.187537
vt 0.421585 0.405982
vt 0.421585 0.156331
vt 0.405982 0.218744
vt 0.405982 0.468395
vt 0.405982 0.437188
vt 0.405982 0.187537
vt 0.405982 0.405982
vt 0.405982 0.156331
vt 0.405982 0.374776
vt 0.405982 0.125125
vt 0.405982 0.343569
vt 0.405982 0.093918
vt 0.405982 0.312363
vt 0.405982 0.062712
vt 0.405982 0.281156
vt 0.405982 0.031505
vt 0.405982 0.249950
vt 0.413784 0.499601
vt 0.413784 0.000299
vt 0.390379 0.125125
vt 0.390379 0.093918
vt 0.390379 0.312363
vt 0.390379 0.062712
vt 0.390379 0.281156
vt 0.390379 0.031505
vt 0.390379 0.249950
vt 0.398180 0.499601
vt 0.390379 0.468395
vt 0.398180 0.000299
vt 0.390379 0.218744
vt 0.390379 0.437188
vt 0.390379 0.187537
vt 0.390379 0.405982
vt 0.390379 0.156331
vt 0.390379 0.374776
vt 0.390379 0.343569
vt 0.382577 0.499601
vt 0.382577 0.000299
vt 0.250000 0.500199
vt 0.000299 0.515805
vt 0.000299 0.500199
vt 0.250000 0.515805
vt 0.000299 0.531412
vt 0.250000 0.547018
vt 0.000299 0.547018
vt 0.250000 0.562624
vt 0.000299 0.562624
vt 0.250000 0.578231
vt 0.000299 0.578231
vt 0.000299 0.593837
vt 0.250000 0.593837
vt 0.000299 0.609443
vt 0.250000 0.609443
vt 0.000299 0.625050
vt 0.250000 0.640656
vt 0.000299 0.640656
vt 0.000299 0.656262
vt 0.250000 0.671869
vt 0.000299 0.671869
vt 0.000299 0.687475
vt 0.250000 0.687475
vt 0.000299 0.703081
vt 0.250000 0.703081
vt 0.000299 0.718688
vt 0.250000 0.718687
vt 0.000299 0.734294
vt 0.250000 0.749900
vt 0.000299 0.749900
vt 0.000299 0.765506
vt 0.250000 0.765506
vt 0.000299 0.781113
vt 0.250000 0.781113
vt 0.000299 0.796719
vt 0.250000 0.812325
vt 0.000299 0.812325
vt 0.250000 0.827932
vt 0.000299 0.827932
vt 0.000299 0.843538
vt 0.250000 0.843538
vt 0.000299 0.859144
vt 0.250000 0.859144
vt 0.000299 0.874751
vt 0.250000 0.890357
vt 0.000299 0.890357
vt 0.000299 0.905963
vt 0.250000 0.905963
vt 0.000299 0.921570
vt 0.250000 0.937176
vt 0.000299 0.937176
vt 0.250000 0.952782
vt 0.000299 0.952782
vt 0.000299 0.968388
vt 0.255182 0.823843
vt 0.404670 0.743940
vt 0.484573 0.893428
vt 0.250000 0.983995
vt 0.000299 0.983995
vt 0.250000 0.999601
vt 0.000299 0.999601
vt 0.989057 0.586144
vt 0.858029 0.478612
vt 0.750498 0.609640
vt 0.749900 0.500299
vt 0.500199 0.515905
vt 0.500199 0.500299
vt 0.749900 0.531512
vt 0.500199 0.531512
vt 0.500199 0.547118
vt 0.749900 0.562724
vt 0.500199 0.562724
vt 0.500199 0.578331
vt 0.749900 0.593937
vt 0.500199 0.593937
vt 0.500199 0.609543
vt 0.749900 0.625149
vt 0.500199 0.625149
vt 0.500199 0.640756
vt 0.749900 0.656362
vt 0.500199 0.656362
vt 0.500199 0.671968
vt 0.749900 0.687575
vt 0.500199 0.687575
vt 0.749900 0.703181
vt 0.500199 0.703181
vt 0.500199 0.718787
vt 0.749900 0.734394
vt 0.500199 0.734394
vt 0.749900 0.750000
vt 0.500199 0.750000
vt 0.500199 0.765606
vt 0.749900 0.781213
vt 0.500199 0.781213
vt 0.749900 0.796819
vt 0.500199 0.796819
vt 0.500199 0.812425
vt 0.749900 0.812425
vt 0.500199 0.828032
vt 0.749900 0.843638
vt 0.500199 0.843638
vt 0.500199 0.859244
vt 0.749900 0.859244
vt 0.500199 0.874851
vt 0.749900 0.890457
vt 0.500199 0.890457
vt 0.749900 0.906063
vt 0.500199 0.906063
vt 0.749900 0.921669
vt 0.500199 0.921669
vt 0.500199 0.937276
vt 0.749900 0.952882
vt 0.500199 0.952882
vt 0.500199 0.968488
vt 0.755082 0.084786
vt 0.904570 0.004883
vt 0.984473 0.154371
vt 0.749900 0.968488
vt 0.500199 0.984095
vt 0.749900 0.999701
vt 0.500199 0.999701
vt 0.989057 0.825300
vt 0.858029 0.717769
vt 0.750498 0.848796
vt 0.749900 0.187575
vt 0.475581 0.675978
vt 0.462528 0.695515
vt 0.445913 0.712129
vt 0.426377 0.725183
vt 0.404670 0.734174
vt 0.381625 0.738758
vt 0.358129 0.738758
vt 0.335085 0.734174
vt 0.313377 0.725182
vt 0.293841 0.712129
vt 0.277227 0.695515
vt 0.264173 0.675978
vt 0.255182 0.654271
vt 0.250598 0.631226
vt 0.250598 0.607731
vt 0.264173 0.562979
vt 0.277227 0.543442
vt 0.293841 0.526828
vt 0.313377 0.513775
vt 0.335085 0.504783
vt 0.358129 0.500199
vt 0.381625 0.500199
vt 0.426377 0.513775
vt 0.445914 0.526828
vt 0.462528 0.543442
vt 0.475581 0.562979
vt 0.484573 0.584686
vt 0.489157 0.607731
vt 0.489157 0.631227
vt 0.749900 0.499701
vt 0.755082 0.393528
vt 0.764073 0.415235
vt 0.777127 0.434771
vt 0.793741 0.451385
vt 0.813277 0.464439
vt 0.834985 0.473431
vt 0.858029 0.478014
vt 0.881525 0.478014
vt 0.904570 0.473431
vt 0.926277 0.464439
vt 0.945814 0.451385
vt 0.962428 0.434771
vt 0.975481 0.415235
vt 0.984473 0.393528
vt 0.989057 0.370483
vt 0.984473 0.323943
vt 0.975481 0.302235
vt 0.962428 0.282699
vt 0.945814 0.266085
vt 0.926277 0.253031
vt 0.904570 0.244040
vt 0.881525 0.239456
vt 0.834985 0.244040
vt 0.813277 0.253031
vt 0.793741 0.266085
vt 0.777127 0.282699
vt 0.764073 0.302235
vt 0.755082 0.323943
vt 0.750498 0.346987
vt 0.250000 0.531412
vt 0.250000 0.625050
vt 0.250000 0.656262
vt 0.250000 0.734294
vt 0.250000 0.796719
vt 0.250000 0.874751
vt 0.250000 0.921570
vt 0.250000 0.968388
vt 0.475581 0.915135
vt 0.462528 0.934671
vt 0.445913 0.951286
vt 0.426377 0.964339
vt 0.404670 0.973331
vt 0.381625 0.977915
vt 0.358129 0.977915
vt 0.335085 0.973331
vt 0.313377 0.964339
vt 0.293841 0.951285
vt 0.277227 0.934671
vt 0.264173 0.915135
vt 0.255182 0.893428
vt 0.250598 0.870383
vt 0.250598 0.846887
vt 0.264173 0.802135
vt 0.277227 0.782599
vt 0.293841 0.765985
vt 0.313377 0.752931
vt 0.335085 0.743940
vt 0.358129 0.739356
vt 0.381625 0.739356
vt 0.426377 0.752931
vt 0.445913 0.765985
vt 0.462528 0.782599
vt 0.475581 0.802135
vt 0.484573 0.823843
vt 0.489157 0.846887
vt 0.489157 0.870383
vt 0.755082 0.632684
vt 0.764073 0.654392
vt 0.777127 0.673928
vt 0.793741 0.690542
vt 0.813277 0.703596
vt 0.834985 0.712587
vt 0.858029 0.717171
vt 0.881525 0.717171
vt 0.904570 0.712587
vt 0.926277 0.703596
vt 0.945813 0.690542
vt 0.962428 0.673928
vt 0.975481 0.654392
vt 0.984473 0.632684
vt 0.989057 0.609640
vt 0.984473 0.563099
vt 0.975481 0.541392
vt 0.962428 0.521855
vt 0.945813 0.505241
vt 0.926277 0.492188
vt 0.904570 0.483196
vt 0.881525 0.478612
vt 0.834985 0.483196
vt 0.813277 0.492188
vt 0.793741 0.505241
vt 0.777127 0.521856
vt 0.764073 0.541392
vt 0.755082 0.563099
vt 0.750498 0.586144
vt 0.749900 0.515905
vt 0.749900 0.547118
vt 0.749900 0.578331
vt 0.749900 0.609543
vt 0.749900 0.640756
vt 0.749900 0.671968
vt 0.749900 0.718787
vt 0.749900 0.765606
vt 0.749900 0.828032
vt 0.749900 0.874851
vt 0.749900 0.937276
vt 0.975481 0.176078
vt 0.962428 0.195614
vt 0.945813 0.212229
vt 0.926277 0.225282
vt 0.904570 0.234274
vt 0.881525 0.238858
vt 0.858029 0.238858
vt 0.834985 0.234274
vt 0.813277 0.225282
vt 0.793741 0.212229
vt 0.777127 0.195614
vt 0.764073 0.176078
vt 0.755082 0.154371
vt 0.750498 0.131326
vt 0.750498 0.107830
vt 0.764073 0.063078
vt 0.777127 0.043542
vt 0.793741 0.026928
vt 0.813277 0.013874
vt 0.834985 0.004883
vt 0.858029 0.000299
vt 0.881525 0.000299
vt 0.926277 0.013874
vt 0.945814 0.026928
vt 0.962428 0.043542
vt 0.975481 0.063078
vt 0.984473 0.084786
vt 0.989057 0.107830
vt 0.989057 0.131326
vt 0.749900 0.984095
vt 0.755082 0.871841
vt 0.764073 0.893548
vt 0.777127 0.913085
vt 0.793741 0.929699
vt 0.813277 0.942752
vt 0.834985 0.951744
vt 0.858029 0.956328
vt 0.881525 0.956328
vt 0.904570 0.951744
vt 0.926277 0.942752
vt 0.945814 0.929699
vt 0.962428 0.913085
vt 0.975481 0.893548
vt 0.984473 0.871841
vt 0.989057 0.848796
vt 0.984473 0.802256
vt 0.975481 0.780548
vt 0.962428 0.761012
vt 0.945813 0.744398
vt 0.926277 0.731344
vt 0.904570 0.722353
vt 0.881525 0.717769
vt 0.834985 0.722353
vt 0.813277 0.731344
vt 0.793741 0.744398
vt 0.777127 0.761012
vt 0.764073 0.780548
vt 0.755082 0.802256
vt 0.750498 0.825300
s 0
usemtl マテリアル.001
f 2/1/1 3/2/1 1/3/1
f 4/4/2 5/5/2 3/2/2
f 6/6/3 7/7/3 5/5/3
f 8/8/4 9/9/4 7/7/4
f 10/10/5 11/11/5 9/9/5
f 12/12/6 13/13/6 11/11/6
f 14/14/7 15/15/7 13/13/7
f 16/16/8 17/17/8 15/15/8
f 18/18/9 19/19/9 17/17/9
f 20/20/10 21/21/10 19/19/10
f 22/22/11 23/23/11 21/21/11
f 24/24/12 25/25/12 23/23/12
f 25/25/13 28/26/13 27/27/13
f 28/26/14 29/28/14 27/27/14
f 30/29/15 31/30/15 29/28/15
f 32/31/16 33/32/16 31/30/16
f 34/33/17 35/34/17 33/32/17
f 36/35/18 37/36/18 35/34/18
f 38/37/19 39/38/19 37/36/19
f 40/39/20 41/40/20 39/38/20
f 42/41/21 43/42/21 41/40/21
f 44/43/22 45/44/22 43/42/22
f 46/45/23 47/46/23 45/44/23
f 48/47/24 49/48/24 47/46/24
f 50/49/25 51/50/25 49/48/25
f 52/51/26 53/52/26 51/50/26
f 54/53/27 55/54/27 53/52/27
f 56/55/28 57/56/28 55/54/28
f 58/57/29 59/58/29 57/56/29
f 60/59/30 61/60/30 59/58/30
f 38/61/31 22/62/31 6/63/31
f 62/64/32 63/65/32 61/60/32
f 64/66/33 1/67/33 63/65/33
f 31/68/34 47/69/34 63/70/34
f 68/71/35 79/72/35 69/73/35
f 539/74/36 71/75/36 72/76/36
f 69/73/37 80/77/37 542/78/37
f 65/79/38 72/76/38 73/80/38
f 542/78/39 81/81/39 70/82/39
f 540/83/40 73/80/40 74/84/40
f 70/82/41 82/85/41 543/86/41
f 66/87/42 74/84/42 75/88/42
f 543/86/43 83/89/43 544/90/43
f 541/91/44 75/88/44 76/92/44
f 544/90/45 84/93/45 545/94/45
f 541/91/46 77/95/46 67/96/46
f 545/94/47 85/97/47 546/98/47
f 67/96/48 78/99/48 68/71/48
f 538/100/49 146/101/49 71/75/49
f 372/102/50 546/98/50 85/97/50
f 77/95/51 93/103/51 78/99/51
f 71/75/52 146/104/52 86/105/52
f 372/106/53 85/97/53 100/107/53
f 78/99/54 94/108/54 79/72/54
f 71/75/55 87/109/55 72/76/55
f 79/72/56 95/110/56 80/77/56
f 72/76/57 88/111/57 73/80/57
f 81/81/58 95/110/58 96/112/58
f 73/80/59 89/113/59 74/84/59
f 81/81/60 97/114/60 82/85/60
f 74/84/61 90/115/61 75/88/61
f 83/89/62 97/114/62 98/116/62
f 75/88/63 91/117/63 76/92/63
f 83/89/64 99/118/64 84/93/64
f 76/92/65 92/119/65 77/95/65
f 84/93/66 100/107/66 85/97/66
f 97/114/67 111/120/67 112/121/67
f 89/113/68 105/122/68 90/115/68
f 98/116/69 112/121/69 113/123/69
f 90/115/70 106/124/70 91/117/70
f 98/116/71 114/125/71 99/118/71
f 92/119/72 106/124/72 107/126/72
f 99/118/73 115/127/73 100/107/73
f 92/119/74 108/128/74 93/103/74
f 86/105/75 146/129/75 101/130/75
f 372/131/76 100/107/76 115/127/76
f 93/103/77 109/132/77 94/108/77
f 86/105/78 102/133/78 87/109/78
f 94/108/79 110/134/79 95/110/79
f 87/109/80 103/135/80 88/111/80
f 96/112/81 110/134/81 111/120/81
f 88/111/82 104/136/82 89/113/82
f 101/130/83 146/137/83 116/138/83
f 372/139/84 115/127/84 130/140/84
f 108/128/85 124/141/85 109/132/85
f 101/130/86 117/142/86 102/133/86
f 109/132/87 125/143/87 110/134/87
f 102/133/88 118/144/88 103/135/88
f 110/134/89 126/145/89 111/120/89
f 103/135/90 119/146/90 104/136/90
f 111/120/91 127/147/91 112/121/91
f 104/136/92 120/148/92 105/122/92
f 113/123/93 127/147/93 128/149/93
f 105/122/94 121/150/94 106/124/94
f 114/125/95 128/149/95 129/151/95
f 106/124/96 122/152/96 107/126/96
f 115/127/97 129/151/97 130/140/97
f 108/128/98 122/152/98 123/153/98
f 119/146/99 135/154/99 120/148/99
f 128/149/100 142/155/100 143/156/100
f 120/148/101 136/157/101 121/150/101
f 128/149/102 144/158/102 129/151/102
f 122/152/103 136/157/103 137/159/103
f 129/151/104 145/160/104 130/140/104
f 123/153/105 137/159/105 138/161/105
f 116/138/106 146/162/106 131/163/106
f 372/164/107 130/140/107 145/160/107
f 123/153/108 139/165/108 124/141/108
f 117/142/109 131/163/109 132/166/109
f 124/141/110 140/167/110 125/143/110
f 118/144/111 132/166/111 133/168/111
f 126/145/112 140/167/112 141/169/112
f 118/144/113 134/170/113 119/146/113
f 126/145/114 142/155/114 127/147/114
f 138/161/115 155/171/115 139/165/115
f 131/163/116 148/172/116 132/166/116
f 139/165/117 156/173/117 140/167/117
f 132/166/118 149/174/118 133/168/118
f 141/169/119 156/173/119 157/175/119
f 134/170/120 149/174/120 150/176/120
f 141/169/121 158/177/121 142/155/121
f 135/154/122 150/176/122 151/178/122
f 142/155/123 159/179/123 143/156/123
f 135/154/124 152/180/124 136/157/124
f 143/156/125 160/181/125 144/158/125
f 137/159/126 152/180/126 153/182/126
f 144/158/127 161/183/127 145/160/127
f 138/161/128 153/182/128 154/184/128
f 131/163/129 146/185/129 147/186/129
f 372/187/130 145/160/130 161/183/130
f 158/177/131 174/188/131 159/179/131
f 151/178/132 167/189/132 152/180/132
f 159/179/133 175/190/133 160/181/133
f 153/182/134 167/189/134 168/191/134
f 160/181/135 176/192/135 161/183/135
f 154/184/136 168/191/136 169/193/136
f 147/186/137 146/194/137 162/195/137
f 372/196/138 161/183/138 176/192/138
f 154/184/139 170/197/139 155/171/139
f 147/186/140 163/198/140 148/172/140
f 155/171/141 171/199/141 156/173/141
f 149/174/142 163/198/142 164/200/142
f 157/175/143 171/199/143 172/201/143
f 149/174/144 165/202/144 150/176/144
f 157/175/145 173/203/145 158/177/145
f 151/178/146 165/202/146 166/204/146
f 170/197/147 186/205/147 171/199/147
f 163/198/148 179/206/148 164/200/148
f 172/201/149 186/205/149 187/207/149
f 164/200/150 180/208/150 165/202/150
f 172/201/151 188/209/151 173/203/151
f 165/202/152 181/210/152 166/204/152
f 174/188/153 188/209/153 189/211/153
f 166/204/154 182/212/154 167/189/154
f 174/188/155 190/213/155 175/190/155
f 168/191/156 182/212/156 183/214/156
f 175/190/157 191/215/157 176/192/157
f 169/193/158 183/214/158 184/216/158
f 162/195/159 146/217/159 177/218/159
f 372/219/160 176/192/160 191/215/160
f 169/193/161 185/220/161 170/197/161
f 162/195/162 178/221/162 163/198/162
f 190/213/163 204/222/163 205/223/163
f 183/214/164 197/224/164 198/225/164
f 191/215/165 205/223/165 206/226/165
f 184/216/166 198/225/166 199/227/166
f 177/218/167 146/228/167 192/229/167
f 372/230/168 191/215/168 206/226/168
f 184/216/169 200/231/169 185/220/169
f 178/221/170 192/229/170 193/232/170
f 185/220/171 201/233/171 186/205/171
f 178/221/172 194/234/172 179/206/172
f 187/207/173 201/233/173 202/235/173
f 179/206/174 195/236/174 180/208/174
f 187/207/175 203/237/175 188/209/175
f 181/210/176 195/236/176 196/238/176
f 189/211/177 203/237/177 204/222/177
f 181/210/178 197/224/178 182/212/178
f 193/232/179 209/239/179 194/234/179
f 202/235/180 216/240/180 217/241/180
f 194/234/181 210/242/181 195/236/181
f 202/235/182 218/243/182 203/237/182
f 196/238/183 210/242/183 211/244/183
f 204/222/184 218/243/184 219/245/184
f 196/238/185 212/246/185 197/224/185
f 204/222/186 220/247/186 205/223/186
f 198/225/187 212/246/187 213/248/187
f 205/223/188 221/249/188 206/226/188
f 199/227/189 213/248/189 214/250/189
f 192/229/190 146/251/190 207/252/190
f 372/253/191 206/226/191 221/249/191
f 199/227/192 215/254/192 200/231/192
f 193/232/193 207/252/193 208/255/193
f 200/231/194 216/240/194 201/233/194
f 213/248/195 227/256/195 228/257/195
f 221/249/196 235/258/196 236/259/196
f 213/248/197 229/260/197 214/250/197
f 207/252/198 146/261/198 222/262/198
f 372/263/199 221/249/199 236/259/199
f 214/250/200 230/264/200 215/254/200
f 207/252/201 223/265/201 208/255/201
f 215/254/202 231/266/202 216/240/202
f 209/239/203 223/265/203 224/267/203
f 217/241/204 231/266/204 232/268/204
f 209/239/205 225/269/205 210/242/205
f 217/241/206 233/270/206 218/243/206
f 211/244/207 225/269/207 226/271/207
f 219/245/208 233/270/208 234/272/208
f 211/244/209 227/256/209 212/246/209
f 219/245/210 235/258/210 220/247/210
f 232/268/211 246/273/211 247/274/211
f 224/267/212 240/275/212 225/269/212
f 232/268/213 248/276/213 233/270/213
f 226/271/214 240/275/214 241/277/214
f 234/272/215 248/276/215 249/278/215
f 226/271/216 242/279/216 227/256/216
f 234/272/217 250/280/217 235/258/217
f 228/257/218 242/279/218 243/281/218
f 235/258/219 251/282/219 236/259/219
f 229/260/220 243/281/220 244/283/220
f 222/262/221 146/284/221 237/285/221
f 372/286/222 236/259/222 251/282/222
f 229/260/223 245/287/223 230/264/223
f 222/262/224 238/288/224 223/265/224
f 230/264/225 246/273/225 231/266/225
f 223/265/226 239/289/226 224/267/226
f 250/280/227 266/290/227 251/282/227
f 244/283/228 258/291/228 259/292/228
f 237/285/229 146/293/229 252/294/229
f 372/295/230 251/282/230 266/290/230
f 244/283/231 260/296/231 245/287/231
f 238/288/232 252/294/232 253/297/232
f 245/287/233 261/298/233 246/273/233
f 239/289/234 253/297/234 254/299/234
f 247/274/235 261/298/235 262/300/235
f 239/289/236 255/301/236 240/275/236
f 247/274/237 263/302/237 248/276/237
f 241/277/238 255/301/238 256/303/238
f 249/278/239 263/302/239 264/304/239
f 241/277/240 257/305/240 242/279/240
f 249/278/241 265/306/241 250/280/241
f 243/281/242 257/305/242 258/291/242
f 254/299/243 270/307/243 255/301/243
f 262/300/244 278/308/244 263/302/244
f 256/303/245 270/307/245 271/309/245
f 264/304/246 278/308/246 279/310/246
f 256/303/247 272/311/247 257/305/247
f 265/306/248 279/310/248 280/312/248
f 258/291/249 272/311/249 273/313/249
f 266/290/250 280/312/250 281/314/250
f 259/292/251 273/313/251 274/315/251
f 252/294/252 146/316/252 267/317/252
f 372/318/253 266/290/253 281/314/253
f 259/292/254 275/319/254 260/296/254
f 252/294/255 268/320/255 253/297/255
f 260/296/256 276/321/256 261/298/256
f 253/297/257 269/322/257 254/299/257
f 262/300/258 276/321/258 277/323/258
f 274/315/259 288/324/259 289/325/259
f 267/317/260 146/326/260 282/327/260
f 372/328/261 281/314/261 296/329/261
f 274/315/262 290/330/262 275/319/262
f 267/317/263 283/331/263 268/320/263
f 275/319/264 291/332/264 276/321/264
f 268/320/265 284/333/265 269/322/265
f 277/323/266 291/332/266 292/334/266
f 269/322/267 285/335/267 270/307/267
f 277/323/268 293/336/268 278/308/268
f 270/307/269 286/337/269 271/309/269
f 279/310/270 293/336/270 294/338/270
f 271/309/271 287/339/271 272/311/271
f 280/312/272 294/338/272 295/340/272
f 273/313/273 287/339/273 288/324/273
f 280/312/274 296/329/274 281/314/274
f 292/334/275 308/341/275 293/336/275
f 285/335/276 301/342/276 286/337/276
f 294/338/277 308/341/277 309/343/277
f 286/337/278 302/344/278 287/339/278
f 294/338/279 310/345/279 295/340/279
f 288/324/280 302/344/280 303/346/280
f 295/340/281 311/347/281 296/329/281
f 289/325/282 303/346/282 304/348/282
f 282/327/283 146/349/283 297/350/283
f 372/351/284 296/329/284 311/347/284
f 289/325/285 305/352/285 290/330/285
f 283/331/286 297/350/286 298/353/286
f 290/330/287 306/354/287 291/332/287
f 283/331/288 299/355/288 284/333/288
f 292/334/289 306/354/289 307/356/289
f 284/333/290 300/357/290 285/335/290
f 372/358/291 311/347/291 326/359/291
f 304/348/292 320/360/292 305/352/292
f 297/350/293 313/361/293 298/353/293
f 305/352/294 321/362/294 306/354/294
f 298/353/295 314/363/295 299/355/295
f 307/356/296 321/362/296 322/364/296
f 299/355/297 315/365/297 300/357/297
f 307/356/298 323/366/298 308/341/298
f 300/357/299 316/367/299 301/342/299
f 309/343/300 323/366/300 324/368/300
f 301/342/301 317/369/301 302/344/301
f 309/343/302 325/370/302 310/345/302
f 303/346/303 317/369/303 318/371/303
f 310/345/304 326/359/304 311/347/304
f 304/348/305 318/371/305 319/372/305
f 297/350/306 146/373/306 312/374/306
f 324/368/307 338/375/307 339/376/307
f 316/367/308 332/377/308 317/369/308
f 324/368/309 340/378/309 325/370/309
f 318/371/310 332/377/310 333/379/310
f 325/370/311 341/380/311 326/359/311
f 319/372/312 333/379/312 334/381/312
f 312/374/313 146/382/313 327/383/313
f 372/384/314 326/359/314 341/380/314
f 319/372/315 335/385/315 320/360/315
f 313/361/316 327/383/316 328/386/316
f 320/360/317 336/387/317 321/362/317
f 313/361/318 329/388/318 314/363/318
f 322/364/319 336/387/319 337/389/319
f 314/363/320 330/390/320 315/365/320
f 322/364/321 338/375/321 323/366/321
f 316/367/322 330/390/322 331/391/322
f 328/386/323 342/392/323 343/393/323
f 335/385/324 351/394/324 336/387/324
f 328/386/325 344/395/325 329/388/325
f 337/389/326 351/394/326 352/396/326
f 329/388/327 345/397/327 330/390/327
f 337/389/328 353/398/328 338/375/328
f 331/391/329 345/397/329 346/399/329
f 339/376/330 353/398/330 354/400/330
f 331/391/331 347/401/331 332/377/331
f 340/378/332 354/400/332 355/402/332
f 333/379/333 347/401/333 348/403/333
f 340/378/334 356/404/334 341/380/334
f 334/381/335 348/403/335 349/405/335
f 327/383/336 146/406/336 342/392/336
f 372/407/337 341/380/337 356/404/337
f 334/381/338 350/408/338 335/385/338
f 346/399/339 362/409/339 347/401/339
f 355/402/340 369/410/340 370/411/340
f 348/403/341 362/409/341 363/412/341
f 355/402/342 371/413/342 356/404/342
f 349/405/343 363/412/343 364/414/343
f 342/392/344 146/415/344 357/416/344
f 372/417/345 356/404/345 371/413/345
f 349/405/346 365/418/346 350/408/346
f 342/392/347 358/419/347 343/393/347
f 350/408/348 366/420/348 351/394/348
f 343/393/349 359/421/349 344/395/349
f 352/396/350 366/420/350 367/422/350
f 344/395/351 360/423/351 345/397/351
f 353/398/352 367/422/352 368/424/352
f 345/397/353 361/425/353 346/399/353
f 354/400/354 368/424/354 369/410/354
f 365/418/355 382/426/355 366/420/355
f 358/419/356 375/427/356 359/421/356
f 367/422/357 382/426/357 383/428/357
f 359/421/358 376/429/358 360/423/358
f 367/422/359 384/430/359 368/424/359
f 361/425/360 376/429/360 377/431/360
f 369/410/361 384/430/361 385/432/361
f 361/425/362 378/433/362 362/409/362
f 369/410/363 386/434/363 370/411/363
f 363/412/364 378/433/364 379/435/364
f 370/411/365 387/436/365 371/413/365
f 364/414/366 379/435/366 380/437/366
f 357/416/367 146/438/367 373/439/367
f 372/440/368 371/413/368 387/436/368
f 364/414/369 381/441/369 365/418/369
f 357/416/370 374/442/370 358/419/370
f 386/434/371 400/443/371 401/444/371
f 379/435/372 393/445/372 394/446/372
f 386/434/373 402/447/373 387/436/373
f 380/437/374 394/446/374 395/448/374
f 373/439/375 146/449/375 388/450/375
f 372/451/376 387/436/376 402/447/376
f 380/437/377 396/452/377 381/441/377
f 373/439/378 389/453/378 374/442/378
f 381/441/379 397/454/379 382/426/379
f 375/427/380 389/453/380 390/455/380
f 383/428/381 397/454/381 398/456/381
f 375/427/382 391/457/382 376/429/382
f 383/428/383 399/458/383 384/430/383
f 376/429/384 392/459/384 377/431/384
f 385/432/385 399/458/385 400/443/385
f 377/431/386 393/445/386 378/433/386
f 389/453/387 405/460/387 390/455/387
f 398/456/388 412/461/388 413/462/388
f 390/455/389 406/463/389 391/457/389
f 398/456/390 414/464/390 399/458/390
f 392/459/391 406/463/391 407/465/391
f 400/443/392 414/464/392 415/466/392
f 392/459/393 408/467/393 393/445/393
f 400/443/394 416/468/394 401/444/394
f 394/446/395 408/467/395 409/469/395
f 402/447/396 416/468/396 417/470/396
f 395/448/397 409/469/397 410/471/397
f 388/450/398 146/472/398 403/473/398
f 372/474/399 402/447/399 417/470/399
f 395/448/400 411/475/400 396/452/400
f 388/450/401 404/476/401 389/453/401
f 396/452/402 412/461/402 397/454/402
f 409/469/403 423/477/403 424/478/403
f 416/468/404 432/479/404 417/470/404
f 410/471/405 424/478/405 425/480/405
f 403/473/406 146/481/406 418/482/406
f 372/483/407 417/470/407 432/479/407
f 410/471/408 426/484/408 411/475/408
f 404/476/409 418/482/409 419/485/409
f 411/475/410 427/486/410 412/461/410
f 404/476/411 420/487/411 405/460/411
f 413/462/412 427/486/412 428/488/412
f 405/460/413 421/489/413 406/463/413
f 413/462/414 429/490/414 414/464/414
f 407/465/415 421/489/415 422/491/415
f 415/466/416 429/490/416 430/492/416
f 407/465/417 423/477/417 408/467/417
f 415/466/418 431/493/418 416/468/418
f 428/494/419 442/495/419 443/496/419
f 420/497/420 436/498/420 421/499/420
f 428/494/421 444/500/421 429/501/421
f 422/502/422 436/498/422 437/503/422
f 430/504/423 444/500/423 445/505/423
f 422/502/424 438/506/424 423/507/424
f 430/504/425 446/508/425 431/509/425
f 424/510/426 438/506/426 439/511/426
f 431/509/427 447/512/427 432/513/427
f 425/514/428 439/511/428 440/515/428
f 418/516/429 146/517/429 433/518/429
f 372/519/430 432/513/430 447/512/430
f 425/514/431 441/520/431 426/521/431
f 418/516/432 434/522/432 419/523/432
f 426/521/433 442/495/433 427/524/433
f 420/497/434 434/522/434 435/525/434
f 446/508/435 462/526/435 447/512/435
f 440/515/436 454/527/436 455/528/436
f 433/518/437 146/529/437 448/530/437
f 372/531/438 447/512/438 462/526/438
f 440/515/439 456/532/439 441/520/439
f 433/518/440 449/533/440 434/522/440
f 441/520/441 457/534/441 442/495/441
f 434/522/442 450/535/442 435/525/442
f 443/496/443 457/534/443 458/536/443
f 435/525/444 451/537/444 436/498/444
f 443/496/445 459/538/445 444/500/445
f 437/503/446 451/537/446 452/539/446
f 445/505/447 459/538/447 460/540/447
f 437/503/448 453/541/448 438/506/448
f 445/505/449 461/542/449 446/508/449
f 439/511/450 453/541/450 454/527/450
f 458/536/451 474/543/451 459/538/451
f 452/539/452 466/544/452 467/545/452
f 460/540/453 474/543/453 475/546/453
f 452/539/454 468/547/454 453/541/454
f 460/540/455 476/548/455 461/542/455
f 454/527/456 468/547/456 469/549/456
f 461/542/457 477/550/457 462/526/457
f 455/528/458 469/549/458 470/551/458
f 448/530/459 146/552/459 463/553/459
f 372/554/460 462/526/460 477/550/460
f 455/528/461 471/555/461 456/532/461
f 448/530/462 464/556/462 449/533/462
f 456/532/463 472/557/463 457/534/463
f 449/533/464 465/558/464 450/535/464
f 458/536/465 472/557/465 473/559/465
f 450/535/466 466/544/466 451/537/466
f 463/553/467 146/560/467 478/561/467
f 372/562/468 477/550/468 492/563/468
f 470/551/469 486/564/469 471/555/469
f 463/553/470 479/565/470 464/556/470
f 471/555/471 487/566/471 472/557/471
f 465/558/472 479/565/472 480/567/472
f 473/559/473 487/566/473 488/568/473
f 465/558/474 481/569/474 466/544/474
f 473/559/475 489/570/475 474/543/475
f 467/545/476 481/569/476 482/571/476
f 475/546/477 489/570/477 490/572/477
f 467/545/478 483/573/478 468/547/478
f 475/546/479 491/574/479 476/548/479
f 469/549/480 483/573/480 484/575/480
f 476/548/481 492/563/481 477/550/481
f 470/551/482 484/575/482 485/576/482
f 482/571/483 496/577/483 497/578/483
f 490/572/484 504/579/484 505/580/484
f 482/571/485 498/581/485 483/573/485
f 490/572/486 506/582/486 491/574/486
f 484/575/487 498/581/487 499/583/487
f 491/574/488 507/584/488 492/563/488
f 485/576/489 499/583/489 500/585/489
f 478/561/490 146/586/490 493/587/490
f 372/588/491 492/563/491 507/584/491
f 485/576/492 501/589/492 486/564/492
f 478/561/493 494/590/493 479/565/493
f 486/564/494 502/591/494 487/566/494
f 480/567/495 494/590/495 495/592/495
f 488/568/496 502/591/496 503/593/496
f 480/567/497 496/577/497 481/569/497
f 488/568/498 504/579/498 489/570/498
f 500/585/499 516/594/499 501/589/499
f 494/590/500 508/595/500 509/596/500
f 501/589/501 517/597/501 502/591/501
f 494/590/502 510/598/502 495/592/502
f 503/593/503 517/597/503 518/599/503
f 495/592/504 511/600/504 496/577/504
f 503/593/505 519/601/505 504/579/505
f 497/578/506 511/600/506 512/602/506
f 505/580/507 519/601/507 520/603/507
f 497/578/508 513/604/508 498/581/508
f 505/580/509 521/605/509 506/582/509
f 499/583/510 513/604/510 514/606/510
f 507/584/511 521/605/511 522/607/511
f 500/585/512 514/606/512 515/608/512
f 493/587/513 146/609/513 508/595/513
f 372/610/514 507/584/514 522/607/514
f 520/603/515 534/611/515 535/612/515
f 512/602/516 528/613/516 513/604/516
f 520/603/517 536/614/517 521/605/517
f 514/606/518 528/613/518 529/615/518
f 522/607/519 536/614/519 537/616/519
f 515/608/520 529/615/520 530/617/520
f 508/595/521 146/618/521 523/619/521
f 372/620/522 522/607/522 537/616/522
f 515/608/523 531/621/523 516/594/523
f 508/595/524 524/622/524 509/596/524
f 516/594/525 532/623/525 517/597/525
f 510/598/526 524/622/526 525/624/526
f 518/599/527 532/623/527 533/625/527
f 510/598/528 526/626/528 511/600/528
f 518/599/529 534/611/529 519/601/529
f 512/602/530 526/626/530 527/627/530
f 523/619/531 539/74/531 524/622/531
f 531/621/532 542/78/532 532/623/532
f 525/624/533 539/74/533 65/79/533
f 532/623/534 70/82/534 533/625/534
f 526/626/535 65/79/535 540/83/535
f 533/625/536 543/86/536 534/611/536
f 527/627/537 540/83/537 66/87/537
f 535/612/538 543/86/538 544/90/538
f 527/627/539 541/91/539 528/613/539
f 535/612/540 545/94/540 536/614/540
f 529/615/541 541/91/541 67/96/541
f 536/614/542 546/98/542 537/616/542
f 530/617/543 67/96/543 68/71/543
f 523/619/544 146/628/544 538/100/544
f 372/629/545 537/616/545 546/98/545
f 530/617/546 69/73/546 531/621/546
f 548/630/547 549/631/547 547/632/547
f 550/633/548 551/634/548 549/631/548
f 551/634/549 554/635/549 553/636/549
f 553/636/550 556/637/550 555/638/550
f 555/638/551 558/639/551 557/640/551
f 558/639/552 559/641/552 557/640/552
f 560/642/553 561/643/553 559/641/553
f 562/644/554 563/645/554 561/643/554
f 563/645/555 566/646/555 565/647/555
f 566/646/556 567/648/556 565/647/556
f 567/648/557 570/649/557 569/650/557
f 570/649/558 571/651/558 569/650/558
f 572/652/559 573/653/559 571/651/559
f 574/654/560 575/655/560 573/653/560
f 576/656/561 577/657/561 575/655/561
f 577/657/562 580/658/562 579/659/562
f 580/658/563 581/660/563 579/659/563
f 582/661/564 583/662/564 581/660/564
f 584/663/565 585/664/565 583/662/565
f 585/664/566 588/665/566 587/666/566
f 587/666/567 590/667/567 589/668/567
f 590/667/568 591/669/568 589/668/568
f 592/670/569 593/671/569 591/669/569
f 594/672/570 595/673/570 593/671/570
f 595/673/571 598/674/571 597/675/571
f 598/674/572 599/676/572 597/675/572
f 600/677/573 601/678/573 599/676/573
f 601/678/574 604/679/574 603/680/574
f 603/680/575 606/681/575 605/682/575
f 606/681/576 607/683/576 605/682/576
f 584/684/577 568/685/577 552/686/577
f 607/683/578 610/687/578 609/688/578
f 609/688/579 548/689/579 547/690/579
f 577/691/580 593/692/580 609/693/580
f 612/694/581 613/695/581 611/696/581
f 613/695/582 616/697/582 615/698/582
f 616/697/583 617/699/583 615/698/583
f 617/699/584 620/700/584 619/701/584
f 620/700/585 621/702/585 619/701/585
f 621/702/586 624/703/586 623/704/586
f 624/703/587 625/705/587 623/704/587
f 625/705/588 628/706/588 627/707/588
f 628/706/589 629/708/589 627/707/589
f 629/708/590 632/709/590 631/710/590
f 632/709/591 633/711/591 631/710/591
f 633/711/592 636/712/592 635/713/592
f 635/713/593 638/714/593 637/715/593
f 638/714/594 639/716/594 637/715/594
f 639/716/595 642/717/595 641/718/595
f 641/718/596 644/719/596 643/720/596
f 644/719/597 645/721/597 643/720/597
f 645/721/598 648/722/598 647/723/598
f 647/723/599 650/724/599 649/725/599
f 650/724/600 651/726/600 649/725/600
f 652/727/601 653/728/601 651/726/601
f 653/728/602 656/729/602 655/730/602
f 656/729/603 657/731/603 655/730/603
f 658/732/604 659/733/604 657/731/604
f 659/733/605 662/734/605 661/735/605
f 661/735/606 664/736/606 663/737/606
f 663/737/607 666/738/607 665/739/607
f 666/738/608 667/740/608 665/739/608
f 667/740/609 670/741/609 669/742/609
f 670/741/610 671/743/610 669/742/610
f 648/744/611 632/745/611 616/746/611
f 672/747/612 673/748/612 671/743/612
f 673/748/613 612/749/613 611/750/613
f 641/751/614 657/752/614 673/753/614
f 2/1/1 4/4/1 3/2/1
f 4/4/2 6/6/2 5/5/2
f 6/6/3 8/8/3 7/7/3
f 8/8/4 10/10/4 9/9/4
f 10/10/5 12/12/5 11/11/5
f 12/12/6 14/14/6 13/13/6
f 14/14/7 16/16/7 15/15/7
f 16/16/8 18/18/8 17/17/8
f 18/18/9 20/20/9 19/19/9
f 20/20/10 22/22/10 21/21/10
f 22/22/11 24/24/11 23/23/11
f 24/24/12 26/754/12 25/25/12
f 25/25/13 26/754/13 28/26/13
f 28/26/14 30/29/14 29/28/14
f 30/29/15 32/31/15 31/30/15
f 32/31/16 34/33/16 33/32/16
f 34/33/17 36/35/17 35/34/17
f 36/35/18 38/37/18 37/36/18
f 38/37/19 40/39/19 39/38/19
f 40/39/20 42/41/20 41/40/20
f 42/41/21 44/43/21 43/42/21
f 44/43/22 46/45/22 45/44/22
f 46/45/23 48/47/23 47/46/23
f 48/47/24 50/49/24 49/48/24
f 50/49/25 52/51/25 51/50/25
f 52/51/26 54/53/26 53/52/26
f 54/53/27 56/55/27 55/54/27
f 56/55/28 58/57/28 57/56/28
f 58/57/29 60/59/29 59/58/29
f 60/59/30 62/64/30 61/60/30
f 6/63/31 4/755/31 2/756/31
f 2/756/31 64/757/31 62/758/31
f 62/758/31 60/759/31 58/760/31
f 58/760/31 56/761/31 54/762/31
f 54/762/31 52/763/31 50/764/31
f 50/764/31 48/765/31 46/766/31
f 46/766/31 44/767/31 42/768/31
f 42/768/31 40/769/31 38/61/31
f 38/61/31 36/770/31 34/771/31
f 34/771/31 32/772/31 30/773/31
f 30/773/31 28/774/31 26/775/31
f 26/775/31 24/776/31 22/62/31
f 22/62/31 20/777/31 18/778/31
f 18/778/31 16/779/31 14/780/31
f 14/780/31 12/781/31 10/782/31
f 10/782/31 8/783/31 6/63/31
f 6/63/31 2/756/31 62/758/31
f 62/758/31 58/760/31 54/762/31
f 54/762/31 50/764/31 46/766/31
f 46/766/31 42/768/31 38/61/31
f 38/61/31 34/771/31 30/773/31
f 30/773/31 26/775/31 22/62/31
f 22/62/31 18/778/31 14/780/31
f 14/780/31 10/782/31 6/63/31
f 6/63/31 62/758/31 54/762/31
f 54/762/31 46/766/31 38/61/31
f 38/61/31 30/773/31 22/62/31
f 22/62/31 14/780/31 6/63/31
f 6/63/31 54/762/31 38/61/31
f 62/64/32 64/66/32 63/65/32
f 64/66/33 2/784/33 1/67/33
f 63/70/34 1/785/34 3/786/34
f 3/786/34 5/787/34 7/788/34
f 7/788/34 9/789/34 11/790/34
f 11/790/34 13/791/34 15/792/34
f 15/792/34 17/793/34 19/794/34
f 19/794/34 21/795/34 23/796/34
f 23/796/34 25/797/34 27/798/34
f 27/798/34 29/799/34 31/68/34
f 31/68/34 33/800/34 35/801/34
f 35/801/34 37/802/34 39/803/34
f 39/803/34 41/804/34 43/805/34
f 43/805/34 45/806/34 47/69/34
f 47/69/34 49/807/34 51/808/34
f 51/808/34 53/809/34 55/810/34
f 55/810/34 57/811/34 59/812/34
f 59/812/34 61/813/34 63/70/34
f 63/70/34 3/786/34 7/788/34
f 7/788/34 11/790/34 15/792/34
f 15/792/34 19/794/34 23/796/34
f 23/796/34 27/798/34 31/68/34
f 31/68/34 35/801/34 39/803/34
f 39/803/34 43/805/34 47/69/34
f 47/69/34 51/808/34 55/810/34
f 55/810/34 59/812/34 63/70/34
f 63/70/34 7/788/34 15/792/34
f 15/792/34 23/796/34 31/68/34
f 31/68/34 39/803/34 47/69/34
f 47/69/34 55/810/34 63/70/34
f 63/70/34 15/792/34 31/68/34
f 68/71/35 78/99/35 79/72/35
f 539/74/36 538/100/36 71/75/36
f 69/73/37 79/72/37 80/77/37
f 65/79/38 539/74/38 72/76/38
f 542/78/39 80/77/39 81/81/39
f 540/83/40 65/79/40 73/80/40
f 70/82/41 81/81/41 82/85/41
f 66/87/42 540/83/42 74/84/42
f 543/86/43 82/85/43 83/89/43
f 541/91/44 66/87/44 75/88/44
f 544/90/45 83/89/45 84/93/45
f 541/91/46 76/92/46 77/95/46
f 545/94/47 84/93/47 85/97/47
f 67/96/615 77/95/615 78/99/615
f 77/95/616 92/119/616 93/103/616
f 78/99/617 93/103/617 94/108/617
f 71/75/55 86/105/55 87/109/55
f 79/72/56 94/108/56 95/110/56
f 72/76/57 87/109/57 88/111/57
f 81/81/58 80/77/58 95/110/58
f 73/80/59 88/111/59 89/113/59
f 81/81/60 96/112/60 97/114/60
f 74/84/61 89/113/61 90/115/61
f 83/89/62 82/85/62 97/114/62
f 75/88/63 90/115/63 91/117/63
f 83/89/64 98/116/64 99/118/64
f 76/92/65 91/117/65 92/119/65
f 84/93/66 99/118/66 100/107/66
f 97/114/67 96/112/67 111/120/67
f 89/113/68 104/136/68 105/122/68
f 98/116/69 97/114/69 112/121/69
f 90/115/70 105/122/70 106/124/70
f 98/116/618 113/123/618 114/125/618
f 92/119/72 91/117/72 106/124/72
f 99/118/619 114/125/619 115/127/619
f 92/119/620 107/126/620 108/128/620
f 93/103/77 108/128/77 109/132/77
f 86/105/78 101/130/78 102/133/78
f 94/108/79 109/132/79 110/134/79
f 87/109/80 102/133/80 103/135/80
f 96/112/81 95/110/81 110/134/81
f 88/111/82 103/135/82 104/136/82
f 108/128/85 123/153/85 124/141/85
f 101/130/86 116/138/86 117/142/86
f 109/132/87 124/141/87 125/143/87
f 102/133/88 117/142/88 118/144/88
f 110/134/89 125/143/89 126/145/89
f 103/135/90 118/144/90 119/146/90
f 111/120/91 126/145/91 127/147/91
f 104/136/92 119/146/92 120/148/92
f 113/123/93 112/121/93 127/147/93
f 105/122/94 120/148/94 121/150/94
f 114/125/95 113/123/95 128/149/95
f 106/124/96 121/150/96 122/152/96
f 115/127/97 114/125/97 129/151/97
f 108/128/98 107/126/98 122/152/98
f 119/146/99 134/170/99 135/154/99
f 128/149/100 127/147/100 142/155/100
f 120/148/101 135/154/101 136/157/101
f 128/149/102 143/156/102 144/158/102
f 122/152/103 121/150/103 136/157/103
f 129/151/104 144/158/104 145/160/104
f 123/153/105 122/152/105 137/159/105
f 123/153/108 138/161/108 139/165/108
f 117/142/109 116/138/109 131/163/109
f 124/141/110 139/165/110 140/167/110
f 118/144/111 117/142/111 132/166/111
f 126/145/112 125/143/112 140/167/112
f 118/144/113 133/168/113 134/170/113
f 126/145/114 141/169/114 142/155/114
f 138/161/115 154/184/115 155/171/115
f 131/163/116 147/186/116 148/172/116
f 139/165/117 155/171/117 156/173/117
f 132/166/621 148/172/621 149/174/621
f 141/169/119 140/167/119 156/173/119
f 134/170/120 133/168/120 149/174/120
f 141/169/121 157/175/121 158/177/121
f 135/154/122 134/170/122 150/176/122
f 142/155/123 158/177/123 159/179/123
f 135/154/124 151/178/124 152/180/124
f 143/156/125 159/179/125 160/181/125
f 137/159/126 136/157/126 152/180/126
f 144/158/127 160/181/127 161/183/127
f 138/161/128 137/159/128 153/182/128
f 158/177/131 173/203/131 174/188/131
f 151/178/132 166/204/132 167/189/132
f 159/179/133 174/188/133 175/190/133
f 153/182/134 152/180/134 167/189/134
f 160/181/135 175/190/135 176/192/135
f 154/184/136 153/182/136 168/191/136
f 154/184/139 169/193/139 170/197/139
f 147/186/140 162/195/140 163/198/140
f 155/171/141 170/197/141 171/199/141
f 149/174/142 148/172/142 163/198/142
f 157/175/143 156/173/143 171/199/143
f 149/174/144 164/200/144 165/202/144
f 157/175/145 172/201/145 173/203/145
f 151/178/146 150/176/146 165/202/146
f 170/197/147 185/220/147 186/205/147
f 163/198/148 178/221/148 179/206/148
f 172/201/149 171/199/149 186/205/149
f 164/200/150 179/206/150 180/208/150
f 172/201/151 187/207/151 188/209/151
f 165/202/152 180/208/152 181/210/152
f 174/188/153 173/203/153 188/209/153
f 166/204/154 181/210/154 182/212/154
f 174/188/155 189/211/155 190/213/155
f 168/191/156 167/189/156 182/212/156
f 175/190/157 190/213/157 191/215/157
f 169/193/622 168/191/622 183/214/622
f 169/193/623 184/216/623 185/220/623
f 162/195/162 177/218/162 178/221/162
f 190/213/163 189/211/163 204/222/163
f 183/214/164 182/212/164 197/224/164
f 191/215/165 190/213/165 205/223/165
f 184/216/166 183/214/166 198/225/166
f 184/216/169 199/227/169 200/231/169
f 178/221/170 177/218/170 192/229/170
f 185/220/171 200/231/171 201/233/171
f 178/221/172 193/232/172 194/234/172
f 187/207/173 186/205/173 201/233/173
f 179/206/174 194/234/174 195/236/174
f 187/207/175 202/235/175 203/237/175
f 181/210/176 180/208/176 195/236/176
f 189/211/177 188/209/177 203/237/177
f 181/210/178 196/238/178 197/224/178
f 193/232/179 208/255/179 209/239/179
f 202/235/180 201/233/180 216/240/180
f 194/234/181 209/239/181 210/242/181
f 202/235/182 217/241/182 218/243/182
f 196/238/183 195/236/183 210/242/183
f 204/222/184 203/237/184 218/243/184
f 196/238/185 211/244/185 212/246/185
f 204/222/186 219/245/186 220/247/186
f 198/225/187 197/224/187 212/246/187
f 205/223/188 220/247/188 221/249/188
f 199/227/189 198/225/189 213/248/189
f 199/227/192 214/250/192 215/254/192
f 193/232/193 192/229/193 207/252/193
f 200/231/194 215/254/194 216/240/194
f 213/248/195 212/246/195 227/256/195
f 221/249/196 220/247/196 235/258/196
f 213/248/197 228/257/197 229/260/197
f 214/250/200 229/260/200 230/264/200
f 207/252/201 222/262/201 223/265/201
f 215/254/202 230/264/202 231/266/202
f 209/239/203 208/255/203 223/265/203
f 217/241/204 216/240/204 231/266/204
f 209/239/205 224/267/205 225/269/205
f 217/241/206 232/268/206 233/270/206
f 211/244/207 210/242/207 225/269/207
f 219/245/208 218/243/208 233/270/208
f 211/244/209 226/271/209 227/256/209
f 219/245/210 234/272/210 235/258/210
f 232/268/211 231/266/211 246/273/211
f 224/267/212 239/289/212 240/275/212
f 232/268/213 247/274/213 248/276/213
f 226/271/214 225/269/214 240/275/214
f 234/272/215 233/270/215 248/276/215
f 226/271/216 241/277/216 242/279/216
f 234/272/217 249/278/217 250/280/217
f 228/257/218 227/256/218 242/279/218
f 235/258/219 250/280/219 251/282/219
f 229/260/220 228/257/220 243/281/220
f 229/260/223 244/283/223 245/287/223
f 222/262/624 237/285/624 238/288/624
f 230/264/225 245/287/225 246/273/225
f 223/265/226 238/288/226 239/289/226
f 250/280/227 265/306/227 266/290/227
f 244/283/228 243/281/228 258/291/228
f 244/283/231 259/292/231 260/296/231
f 238/288/232 237/285/232 252/294/232
f 245/287/233 260/296/233 261/298/233
f 239/289/234 238/288/234 253/297/234
f 247/274/235 246/273/235 261/298/235
f 239/289/236 254/299/236 255/301/236
f 247/274/237 262/300/237 263/302/237
f 241/277/238 240/275/238 255/301/238
f 249/278/239 248/276/239 263/302/239
f 241/277/240 256/303/240 257/305/240
f 249/278/241 264/304/241 265/306/241
f 243/281/242 242/279/242 257/305/242
f 254/299/243 269/322/243 270/307/243
f 262/300/244 277/323/244 278/308/244
f 256/303/245 255/301/245 270/307/245
f 264/304/246 263/302/246 278/308/246
f 256/303/247 271/309/247 272/311/247
f 265/306/625 264/304/625 279/310/625
f 258/291/249 257/305/249 272/311/249
f 266/290/250 265/306/250 280/312/250
f 259/292/251 258/291/251 273/313/251
f 259/292/254 274/315/254 275/319/254
f 252/294/255 267/317/255 268/320/255
f 260/296/256 275/319/256 276/321/256
f 253/297/626 268/320/626 269/322/626
f 262/300/258 261/298/258 276/321/258
f 274/315/259 273/313/259 288/324/259
f 274/315/262 289/325/262 290/330/262
f 267/317/263 282/327/263 283/331/263
f 275/319/264 290/330/264 291/332/264
f 268/320/265 283/331/265 284/333/265
f 277/323/266 276/321/266 291/332/266
f 269/322/267 284/333/267 285/335/267
f 277/323/268 292/334/268 293/336/268
f 270/307/269 285/335/269 286/337/269
f 279/310/270 278/308/270 293/336/270
f 271/309/271 286/337/271 287/339/271
f 280/312/272 279/310/272 294/338/272
f 273/313/273 272/311/273 287/339/273
f 280/312/274 295/340/274 296/329/274
f 292/334/275 307/356/275 308/341/275
f 285/335/276 300/357/276 301/342/276
f 294/338/277 293/336/277 308/341/277
f 286/337/278 301/342/278 302/344/278
f 294/338/279 309/343/279 310/345/279
f 288/324/280 287/339/280 302/344/280
f 295/340/281 310/345/281 311/347/281
f 289/325/282 288/324/282 303/346/282
f 289/325/285 304/348/285 305/352/285
f 283/331/286 282/327/286 297/350/286
f 290/330/287 305/352/287 306/354/287
f 283/331/288 298/353/288 299/355/288
f 292/334/289 291/332/289 306/354/289
f 284/333/290 299/355/290 300/357/290
f 304/348/627 319/372/627 320/360/627
f 297/350/293 312/374/293 313/361/293
f 305/352/294 320/360/294 321/362/294
f 298/353/295 313/361/295 314/363/295
f 307/356/296 306/354/296 321/362/296
f 299/355/297 314/363/297 315/365/297
f 307/356/298 322/364/298 323/366/298
f 300/357/299 315/365/299 316/367/299
f 309/343/300 308/341/300 323/366/300
f 301/342/301 316/367/301 317/369/301
f 309/343/302 324/368/302 325/370/302
f 303/346/303 302/344/303 317/369/303
f 310/345/304 325/370/304 326/359/304
f 304/348/628 303/346/628 318/371/628
f 324/368/307 323/366/307 338/375/307
f 316/367/308 331/391/308 332/377/308
f 324/368/309 339/376/309 340/378/309
f 318/371/310 317/369/310 332/377/310
f 325/370/311 340/378/311 341/380/311
f 319/372/312 318/371/312 333/379/312
f 319/372/315 334/381/315 335/385/315
f 313/361/316 312/374/316 327/383/316
f 320/360/317 335/385/317 336/387/317
f 313/361/318 328/386/318 329/388/318
f 322/364/319 321/362/319 336/387/319
f 314/363/320 329/388/320 330/390/320
f 322/364/321 337/389/321 338/375/321
f 316/367/322 315/365/322 330/390/322
f 328/386/323 327/383/323 342/392/323
f 335/385/324 350/408/324 351/394/324
f 328/386/325 343/393/325 344/395/325
f 337/389/326 336/387/326 351/394/326
f 329/388/327 344/395/327 345/397/327
f 337/389/328 352/396/328 353/398/328
f 331/391/329 330/390/329 345/397/329
f 339/376/330 338/375/330 353/398/330
f 331/391/331 346/399/331 347/401/331
f 340/378/332 339/376/332 354/400/332
f 333/379/333 332/377/333 347/401/333
f 340/378/334 355/402/334 356/404/334
f 334/381/335 333/379/335 348/403/335
f 334/381/338 349/405/338 350/408/338
f 346/399/339 361/425/339 362/409/339
f 355/402/340 354/400/340 369/410/340
f 348/403/341 347/401/341 362/409/341
f 355/402/342 370/411/342 371/413/342
f 349/405/343 348/403/343 363/412/343
f 349/405/346 364/414/346 365/418/346
f 342/392/347 357/416/347 358/419/347
f 350/408/348 365/418/348 366/420/348
f 343/393/349 358/419/349 359/421/349
f 352/396/350 351/394/350 366/420/350
f 344/395/351 359/421/351 360/423/351
f 353/398/352 352/396/352 367/422/352
f 345/397/353 360/423/353 361/425/353
f 354/400/354 353/398/354 368/424/354
f 365/418/355 381/441/355 382/426/355
f 358/419/356 374/442/356 375/427/356
f 367/422/357 366/420/357 382/426/357
f 359/421/358 375/427/358 376/429/358
f 367/422/359 383/428/359 384/430/359
f 361/425/360 360/423/360 376/429/360
f 369/410/361 368/424/361 384/430/361
f 361/425/362 377/431/362 378/433/362
f 369/410/363 385/432/363 386/434/363
f 363/412/364 362/409/364 378/433/364
f 370/411/629 386/434/629 387/436/629
f 364/414/366 363/412/366 379/435/366
f 364/414/369 380/437/369 381/441/369
f 357/416/370 373/439/370 374/442/370
f 386/434/371 385/432/371 400/443/371
f 379/435/372 378/433/372 393/445/372
f 386/434/630 401/444/630 402/447/630
f 380/437/374 379/435/374 394/446/374
f 380/437/377 395/448/377 396/452/377
f 373/439/378 388/450/378 389/453/378
f 381/441/379 396/452/379 397/454/379
f 375/427/380 374/442/380 389/453/380
f 383/428/381 382/426/381 397/454/381
f 375/427/382 390/455/382 391/457/382
f 383/428/383 398/456/383 399/458/383
f 376/429/384 391/457/384 392/459/384
f 385/432/385 384/430/385 399/458/385
f 377/431/386 392/459/386 393/445/386
f 389/453/387 404/476/387 405/460/387
f 398/456/388 397/454/388 412/461/388
f 390/455/389 405/460/389 406/463/389
f 398/456/390 413/462/390 414/464/390
f 392/459/391 391/457/391 406/463/391
f 400/443/392 399/458/392 414/464/392
f 392/459/393 407/465/393 408/467/393
f 400/443/394 415/466/394 416/468/394
f 394/446/395 393/445/395 408/467/395
f 402/447/396 401/444/396 416/468/396
f 395/448/397 394/446/397 409/469/397
f 395/448/400 410/471/400 411/475/400
f 388/450/401 403/473/401 404/476/401
f 396/452/402 411/475/402 412/461/402
f 409/469/403 408/467/403 423/477/403
f 416/468/404 431/493/404 432/479/404
f 410/471/405 409/469/405 424/478/405
f 410/471/408 425/480/408 426/484/408
f 404/476/409 403/473/409 418/482/409
f 411/475/410 426/484/410 427/486/410
f 404/476/411 419/485/411 420/487/411
f 413/462/412 412/461/412 427/486/412
f 405/460/413 420/487/413 421/489/413
f 413/462/414 428/488/414 429/490/414
f 407/465/415 406/463/415 421/489/415
f 415/466/416 414/464/416 429/490/416
f 407/465/417 422/491/417 423/477/417
f 415/466/418 430/492/418 431/493/418
f 428/494/419 427/524/419 442/495/419
f 420/497/420 435/525/420 436/498/420
f 428/494/421 443/496/421 444/500/421
f 422/502/422 421/499/422 436/498/422
f 430/504/423 429/501/423 444/500/423
f 422/502/424 437/503/424 438/506/424
f 430/504/425 445/505/425 446/508/425
f 424/510/426 423/507/426 438/506/426
f 431/509/427 446/508/427 447/512/427
f 425/514/428 424/510/428 439/511/428
f 425/514/431 440/515/431 441/520/431
f 418/516/432 433/518/432 434/522/432
f 426/521/433 441/520/433 442/495/433
f 420/497/434 419/523/434 434/522/434
f 446/508/435 461/542/435 462/526/435
f 440/515/436 439/511/436 454/527/436
f 440/515/439 455/528/439 456/532/439
f 433/518/440 448/530/440 449/533/440
f 441/520/441 456/532/441 457/534/441
f 434/522/442 449/533/442 450/535/442
f 443/496/443 442/495/443 457/534/443
f 435/525/444 450/535/444 451/537/444
f 443/496/445 458/536/445 459/538/445
f 437/503/446 436/498/446 451/537/446
f 445/505/447 444/500/447 459/538/447
f 437/503/448 452/539/448 453/541/448
f 445/505/449 460/540/449 461/542/449
f 439/511/450 438/506/450 453/541/450
f 458/536/451 473/559/451 474/543/451
f 452/539/452 451/537/452 466/544/452
f 460/540/453 459/538/453 474/543/453
f 452/539/454 467/545/454 468/547/454
f 460/540/455 475/546/455 476/548/455
f 454/527/456 453/541/456 468/547/456
f 461/542/457 476/548/457 477/550/457
f 455/528/458 454/527/458 469/549/458
f 455/528/461 470/551/461 471/555/461
f 448/530/462 463/553/462 464/556/462
f 456/532/463 471/555/463 472/557/463
f 449/533/464 464/556/464 465/558/464
f 458/536/465 457/534/465 472/557/465
f 450/535/466 465/558/466 466/544/466
f 470/551/469 485/576/469 486/564/469
f 463/553/470 478/561/470 479/565/470
f 471/555/471 486/564/471 487/566/471
f 465/558/472 464/556/472 479/565/472
f 473/559/473 472/557/473 487/566/473
f 465/558/474 480/567/474 481/569/474
f 473/559/475 488/568/475 489/570/475
f 467/545/476 466/544/476 481/569/476
f 475/546/477 474/543/477 489/570/477
f 467/545/478 482/571/478 483/573/478
f 475/546/479 490/572/479 491/574/479
f 469/549/480 468/547/480 483/573/480
f 476/548/481 491/574/481 492/563/481
f 470/551/482 469/549/482 484/575/482
f 482/571/483 481/569/483 496/577/483
f 490/572/484 489/570/484 504/579/484
f 482/571/485 497/578/485 498/581/485
f 490/572/486 505/580/486 506/582/486
f 484/575/487 483/573/487 498/581/487
f 491/574/488 506/582/488 507/584/488
f 485/576/489 484/575/489 499/583/489
f 485/576/492 500/585/492 501/589/492
f 478/561/493 493/587/493 494/590/493
f 486/564/494 501/589/494 502/591/494
f 480/567/495 479/565/495 494/590/495
f 488/568/496 487/566/496 502/591/496
f 480/567/497 495/592/497 496/577/497
f 488/568/498 503/593/498 504/579/498
f 500/585/499 515/608/499 516/594/499
f 494/590/500 493/587/500 508/595/500
f 501/589/501 516/594/501 517/597/501
f 494/590/631 509/596/631 510/598/631
f 503/593/503 502/591/503 517/597/503
f 495/592/504 510/598/504 511/600/504
f 503/593/505 518/599/505 519/601/505
f 497/578/506 496/577/506 511/600/506
f 505/580/507 504/579/507 519/601/507
f 497/578/508 512/602/508 513/604/508
f 505/580/632 520/603/632 521/605/632
f 499/583/510 498/581/510 513/604/510
f 507/584/511 506/582/511 521/605/511
f 500/585/512 499/583/512 514/606/512
f 520/603/515 519/601/515 534/611/515
f 512/602/516 527/627/516 528/613/516
f 520/603/517 535/612/517 536/614/517
f 514/606/518 513/604/518 528/613/518
f 522/607/519 521/605/519 536/614/519
f 515/608/520 514/606/520 529/615/520
f 515/608/523 530/617/523 531/621/523
f 508/595/524 523/619/524 524/622/524
f 516/594/525 531/621/525 532/623/525
f 510/598/526 509/596/526 524/622/526
f 518/599/527 517/597/527 532/623/527
f 510/598/528 525/624/528 526/626/528
f 518/599/529 533/625/529 534/611/529
f 512/602/530 511/600/530 526/626/530
f 523/619/531 538/100/531 539/74/531
f 531/621/532 69/73/532 542/78/532
f 525/624/533 524/622/533 539/74/533
f 532/623/534 542/78/534 70/82/534
f 526/626/535 525/624/535 65/79/535
f 533/625/536 70/82/536 543/86/536
f 527/627/537 526/626/537 540/83/537
f 535/612/538 534/611/538 543/86/538
f 527/627/539 66/87/539 541/91/539
f 535/612/540 544/90/540 545/94/540
f 529/615/541 528/613/541 541/91/541
f 536/614/542 545/94/542 546/98/542
f 530/617/543 529/615/543 67/96/543
f 530/617/546 68/71/546 69/73/546
f 548/630/547 550/633/547 549/631/547
f 550/633/548 552/814/548 551/634/548
f 551/634/633 552/814/633 554/635/633
f 553/636/550 554/635/550 556/637/550
f 555/638/634 556/637/634 558/639/634
f 558/639/635 560/642/635 559/641/635
f 560/642/636 562/644/636 561/643/636
f 562/644/637 564/815/637 563/645/637
f 563/645/638 564/815/638 566/646/638
f 566/646/556 568/816/556 567/648/556
f 567/648/557 568/816/557 570/649/557
f 570/649/639 572/652/639 571/651/639
f 572/652/559 574/654/559 573/653/559
f 574/654/640 576/656/640 575/655/640
f 576/656/641 578/817/641 577/657/641
f 577/657/562 578/817/562 580/658/562
f 580/658/642 582/661/642 581/660/642
f 582/661/564 584/663/564 583/662/564
f 584/663/565 586/818/565 585/664/565
f 585/664/643 586/818/643 588/665/643
f 587/666/644 588/665/644 590/667/644
f 590/667/568 592/670/568 591/669/568
f 592/670/645 594/672/645 593/671/645
f 594/672/646 596/819/646 595/673/646
f 595/673/571 596/819/571 598/674/571
f 598/674/572 600/677/572 599/676/572
f 600/677/573 602/820/573 601/678/573
f 601/678/647 602/820/647 604/679/647
f 603/680/648 604/679/648 606/681/648
f 606/681/576 608/821/576 607/683/576
f 552/686/649 550/822/649 548/823/649
f 548/823/650 610/824/650 608/825/650
f 608/825/651 606/826/651 604/827/651
f 604/827/652 602/828/652 600/829/652
f 600/829/653 598/830/653 596/831/653
f 596/831/654 594/832/654 592/833/654
f 592/833/655 590/834/655 588/835/655
f 588/835/656 586/836/656 584/684/656
f 584/684/657 582/837/657 580/838/657
f 580/838/649 578/839/649 576/840/649
f 576/840/658 574/841/658 572/842/658
f 572/842/659 570/843/659 568/685/659
f 568/685/660 566/844/660 564/845/660
f 564/845/661 562/846/661 560/847/661
f 560/847/662 558/848/662 556/849/662
f 556/849/663 554/850/663 552/686/663
f 552/686/662 548/823/662 608/825/662
f 608/825/649 604/827/649 600/829/649
f 600/829/664 596/831/664 592/833/664
f 592/833/577 588/835/577 584/684/577
f 584/684/665 580/838/665 576/840/665
f 576/840/666 572/842/666 568/685/666
f 568/685/649 564/845/649 560/847/649
f 560/847/667 556/849/667 552/686/667
f 552/686/668 608/825/668 600/829/668
f 600/829/668 592/833/668 584/684/668
f 584/684/668 576/840/668 568/685/668
f 568/685/668 560/847/668 552/686/668
f 552/686/668 600/829/668 584/684/668
f 607/683/669 608/821/669 610/687/669
f 609/688/670 610/687/670 548/689/670
f 609/693/671 547/851/671 549/852/671
f 549/852/580 551/853/580 553/854/580
f 553/854/672 555/855/672 557/856/672
f 557/856/673 559/857/673 561/858/673
f 561/858/674 563/859/674 565/860/674
f 565/860/673 567/861/673 569/862/673
f 569/862/672 571/863/672 573/864/672
f 573/864/580 575/865/580 577/691/580
f 577/691/675 579/866/675 581/867/675
f 581/867/672 583/868/672 585/869/672
f 585/869/675 587/870/675 589/871/675
f 589/871/673 591/872/673 593/692/673
f 593/692/580 595/873/580 597/874/580
f 597/874/673 599/875/673 601/876/673
f 601/876/671 603/877/671 605/878/671
f 605/878/672 607/879/672 609/693/672
f 609/693/580 549/852/580 553/854/580
f 553/854/580 557/856/580 561/858/580
f 561/858/580 565/860/580 569/862/580
f 569/862/672 573/864/672 577/691/672
f 577/691/580 581/867/580 585/869/580
f 585/869/580 589/871/580 593/692/580
f 593/692/580 597/874/580 601/876/580
f 601/876/580 605/878/580 609/693/580
f 609/693/580 553/854/580 561/858/580
f 561/858/580 569/862/580 577/691/580
f 577/691/580 585/869/580 593/692/580
f 593/692/580 601/876/580 609/693/580
f 609/693/580 561/858/580 577/691/580
f 612/694/676 614/880/676 613/695/676
f 613/695/582 614/880/582 616/697/582
f 616/697/583 618/881/583 617/699/583
f 617/699/584 618/881/584 620/700/584
f 620/700/677 622/882/677 621/702/677
f 621/702/586 622/882/586 624/703/586
f 624/703/587 626/883/587 625/705/587
f 625/705/588 626/883/588 628/706/588
f 628/706/678 630/884/678 629/708/678
f 629/708/590 630/884/590 632/709/590
f 632/709/591 634/885/591 633/711/591
f 633/711/679 634/885/679 636/712/679
f 635/713/680 636/712/680 638/714/680
f 638/714/594 640/886/594 639/716/594
f 639/716/595 640/886/595 642/717/595
f 641/718/681 642/717/681 644/719/681
f 644/719/597 646/887/597 645/721/597
f 645/721/598 646/887/598 648/722/598
f 647/723/682 648/722/682 650/724/682
f 650/724/683 652/727/683 651/726/683
f 652/727/684 654/888/684 653/728/684
f 653/728/602 654/888/602 656/729/602
f 656/729/603 658/732/603 657/731/603
f 658/732/685 660/889/685 659/733/685
f 659/733/686 660/889/686 662/734/686
f 661/735/606 662/734/606 664/736/606
f 663/737/607 664/736/607 666/738/607
f 666/738/687 668/890/687 667/740/687
f 667/740/688 668/890/688 670/741/688
f 670/741/689 672/747/689 671/743/689
f 616/746/690 614/891/690 612/892/690
f 612/892/691 674/893/691 672/894/691
f 672/894/692 670/895/692 668/896/692
f 668/896/693 666/897/693 664/898/693
f 664/898/694 662/899/694 660/900/694
f 660/900/695 658/901/695 656/902/695
f 656/902/696 654/903/696 652/904/696
f 652/904/697 650/905/697 648/744/697
f 648/744/698 646/906/698 644/907/698
f 644/907/699 642/908/699 640/909/699
f 640/909/700 638/910/700 636/911/700
f 636/911/701 634/912/701 632/745/701
f 632/745/702 630/913/702 628/914/702
f 628/914/703 626/915/703 624/916/703
f 624/916/704 622/917/704 620/918/704
f 620/918/705 618/919/705 616/746/705
f 616/746/706 612/892/706 672/894/706
f 672/894/707 668/896/707 664/898/707
f 664/898/708 660/900/708 656/902/708
f 656/902/709 652/904/709 648/744/709
f 648/744/710 644/907/710 640/909/710
f 640/909/611 636/911/611 632/745/611
f 632/745/711 628/914/711 624/916/711
f 624/916/611 620/918/611 616/746/611
f 616/746/611 672/894/611 664/898/611
f 664/898/611 656/902/611 648/744/611
f 648/744/611 640/909/611 632/745/611
f 632/745/611 624/916/611 616/746/611
f 616/746/712 664/898/712 648/744/712
f 672/747/612 674/920/612 673/748/612
f 673/748/613 674/920/613 612/749/613
f 673/753/614 611/921/614 613/922/614
f 613/922/713 615/923/713 617/924/713
f 617/924/614 619/925/614 621/926/614
f 621/926/714 623/927/714 625/928/714
f 625/928/614 627/929/614 629/930/614
f 629/930/714 631/931/714 633/932/714
f 633/932/614 635/933/614 637/934/614
f 637/934/715 639/935/715 641/751/715
f 641/751/614 643/936/614 645/937/614
f 645/937/713 647/938/713 649/939/713
f 649/939/614 651/940/614 653/941/614
f 653/941/716 655/942/716 657/752/716
f 657/752/614 659/943/614 661/944/614
f 661/944/716 663/945/716 665/946/716
f 665/946/614 667/947/614 669/948/614
f 669/948/715 671/949/715 673/753/715
f 673/753/614 613/922/614 617/924/614
f 617/924/614 621/926/614 625/928/614
f 625/928/614 629/930/614 633/932/614
f 633/932/614 637/934/614 641/751/614
f 641/751/614 645/937/614 649/939/614
f 649/939/716 653/941/716 657/752/716
f 657/752/614 661/944/614 665/946/614
f 665/946/614 669/948/614 673/753/614
f 673/753/614 617/924/614 625/928/614
f 625/928/614 633/932/614 641/751/614
f 641/751/614 649/939/614 657/752/614
f 657/752/614 665/946/614 673/753/614
f 673/753/614 625/928/614 641/751/614
